Executable      : siesta
Version         : 5.4.2-9-g7ed306e3d
Architecture    : x86_64
Compiler version: GNU-13.3.0
Compiler flags  : -fallow-argument-mismatch -O3 -march=native
Parallelisations: MPI
Lua support
ELSI support. Solvers:
   ELPA (internal) 
   NTPoly
   OMM
DFT-D3 support

Runtime information:
* Directory : /home/christian/Escritorio/CINN/repositorios/MD_vs_OnlyAtomMovement/MD/dataset
* Running in serial mode (only 1 MPI rank).
>> Start of run:  23-APR-2026  13:18:17

                           *********************** 
                           *  WELCOME TO SIESTA  * 
                           *********************** 

 NOTE: Siesta V5 introduces some new defaults for basis-set generation
 NOTE: which might lead to slightly different numerical results.
 NOTE: Please see the manual for full details and compatibility measures.


reinit: Reading from standard input
reinit: Dumping input in INPUT_TMP.56594
************************** Dump of input data file ****************************
# Run 50 steps of a verlet MD
MD.TypeOfRun verlet
MD.Steps 50
# Use the default Double Zeta Polarized basis.
PAO.BasisSize DZP
# Save all matrices
TS.HS.Save t
TS.DE.Save t
# Specify that we want to use our lua script
Lua.Script md_store.lua
# ForceAuxCell is not really needed here, but you will need it if you are
# computing a periodic system only at the Gamma point.
ForceAuxCell t
# And then the information about the structure
# The lattice is just a box big enough so that periodic images don't interact.
LatticeConstant 1.0 Ang
%block LatticeVectors
10.00000000 0.00000000 0.00000000
0.00000000 10.00000000 0.00000000
0.00000000 0.00000000 10.00000000
%endblock LatticeVectors
# Two species, Oxygen and Hydrogen
NumberOfSpecies 2
%block ChemicalSpeciesLabel
1 8 O
2 1 H
%endblock ChemicalSpeciesLabel
# The coordinates of the water molecule
NumberOfAtoms 3
AtomicCoordinatesFormat Ang
%block AtomicCoordinatesAndAtomicSpecies
5.00000000  5.00000000  0.11926200 1 # 1: O
5.00000000  5.76323900 -0.47704700 2 # 2: H
5.00000000  4.33683900 -0.47704700 2 # 3: H
%endblock AtomicCoordinatesAndAtomicSpecies
************************** End of input data file *****************************

reinit: -----------------------------------------------------------------------
reinit: System Name: 
reinit: -----------------------------------------------------------------------
reinit: System Label: siesta
reinit: -----------------------------------------------------------------------

initatom: Reading input for the pseudopotentials and atomic orbitals ----------
Species number:   1 Atomic number:    8 Label: O
Species number:   2 Atomic number:    1 Label: H

Ground state valence configuration (from tables):   2s02  2p04  3d00  4f00
Ground state valence configuration (from tables):   1s01  2p00  3d00  4f00

---- Processing specs for species: O
Reading pseudopotential information in formatted form from:
  O.psf

---- Processing specs for species: H
Reading pseudopotential information in formatted form from:
  H.psf

---- Pseudopotential check for O 

Pseudized shells:
2s( 2.00) rc: 1.14
2p( 4.00) rc: 1.14
3d( 0.00) rc: 1.14
4f( 0.00) rc: 1.14
Valence configuration for ps generation: (assumed as above)

---- Pseudopotential check for H 

Pseudized shells:
1s( 1.00) rc: 1.25
2p( 0.00) rc: 1.25
3d( 0.00) rc: 1.25
4f( 0.00) rc: 1.25
Valence configuration for ps generation: (assumed as above)
For O, standard SIESTA heuristics set lmxkb to 3
 (one more than the basis l, including polarization orbitals).
Use PS.lmax or PS.KBprojectors blocks to override.
For H, standard SIESTA heuristics set lmxkb to 2
 (one more than the basis l, including polarization orbitals).
Use PS.lmax or PS.KBprojectors blocks to override.

<basis_specs>
===============================================================================
O                    Z=   8    Mass=  15.999        Charge= 0.17977+309
Lmxo=2 Lmxkb= 3    BasisType=split      Semic=F
L=0  Nsemic=0  Cnfigmx=2
          i=1  nzeta=2  polorb=0  (2s)
            splnorm:   0.15000    
               vcte:    40.000    
               rinn:  -0.90000    
               qcoe:    0.0000    
               qyuk:    0.0000    
               qwid:   0.10000E-01
                rcs:    0.0000      0.0000    
            lambdas:    1.0000      1.0000    
L=1  Nsemic=0  Cnfigmx=2
          i=1  nzeta=2  polorb=1  (2p)  (to be polarized perturbatively)
            splnorm:   0.15000    
               vcte:    40.000    
               rinn:  -0.90000    
               qcoe:    0.0000    
               qyuk:    0.0000    
               qwid:   0.10000E-01
                rcs:    0.0000      0.0000    
            lambdas:    1.0000      1.0000    
L=2  Nsemic=0  Cnfigmx=3
          i=1  nzeta=0  polorb=0  (3d)  (perturbative polarization orbital) (from 2p)
-------------------------------------------------------------------------------
L=0  Nkbl=1  erefs: 0.17977+309
L=1  Nkbl=1  erefs: 0.17977+309
L=2  Nkbl=1  erefs: 0.17977+309
L=3  Nkbl=1  erefs: 0.17977+309
===============================================================================
</basis_specs>

Using PAO.SplitTailNorm
atom: Called for O                     (Z =   8)
Maximum radius (at nrval) set to   50.00000 8518

read_vps: Pseudopotential generation method:
read_vps: ATM3      Troullier-Martins                       
Valence charge in pseudo generation:    6.00000

xc_check: Exchange-correlation functional:
xc_check: Ceperley-Alder
V l=0 = -2*Zval/r beyond r=  1.1366
V l=1 = -2*Zval/r beyond r=  1.1332
V l=2 = -2*Zval/r beyond r=  1.1298
V l=3 = -2*Zval/r beyond r=  1.1264
All V_l potentials equal beyond r=  1.1355
This should be close to max(r_c) in ps generation
All pots = -2*Zval/r beyond r=  1.1366
Using small-core scheme (local charge) for Vlocal

VLOCAL_FROM_CHLOCAL: 99.0% of the norm of Vloc inside     33.667 Ry
VLOCAL_FROM_CHLOCAL: 99.9% of the norm of Vloc inside     76.727 Ry
atom: Maximum radius for chlocal:    1.37241
atom: Maximum radius for r*vlocal+2*Zval:    1.25469

KBgen: Kleinman-Bylander projectors: 
GHOST: No ghost state for L =  0
   l= 0   rc=  1.293209   el= -1.742414   Ekb=  9.076872   kbcos=  0.325320
GHOST: No ghost state for L =  1
   l= 1   rc=  1.284119   el= -0.676589   Ekb= -8.194485   kbcos= -0.396010
GHOST: No ghost state for L =  2
   l= 2   rc=  1.433152   el=  0.013307   Ekb= -2.071665   kbcos= -0.003690
GHOST: No ghost state for L =  3
   l= 3   rc=  1.540891   el=  0.019584   Ekb= -0.817137   kbcos= -0.000371

KBgen: Total number of Kleinman-Bylander projectors:  16
atom: -------------------------------------------------------------------------

atom: SANKEY-TYPE ORBITALS:
atom: Selected multiple-zeta basis: split     

SPLIT: Orbitals with angular momentum L= 0

SPLIT: Basis orbitals for state 2s

SPLIT: PAO cut-off radius determined from an
SPLIT: energy shift=  0.010000 Ry
Split based on tail norm

   izeta = 1
                 lambda =    1.000000
                     rc =    3.560943
                 energy =   -1.731321
                kinetic =    1.587329
    potential(screened) =   -3.318651
       potential(ionic) =  -11.260325

   izeta = 2
                 rmatch =    2.319910
              splitnorm =    0.150000
                 energy =   -1.319217
                kinetic =    2.736746
    potential(screened) =   -4.055963
       potential(ionic) =  -12.745464

SPLIT: Orbitals with angular momentum L= 1

SPLIT: Basis orbitals for state 2p

SPLIT: PAO cut-off radius determined from an
SPLIT: energy shift=  0.010000 Ry
Split based on tail norm

   izeta = 1
                 lambda =    1.000000
                     rc =    4.290924
                 energy =   -0.665565
                kinetic =    4.934810
    potential(screened) =   -5.600376
       potential(ionic) =  -13.346429

   izeta = 2
                 rmatch =    2.782200
              splitnorm =    0.150000
                 energy =   -0.468052
                kinetic =    6.936835
    potential(screened) =   -7.404886
       potential(ionic) =  -15.957492

POLgen: Perturbative polarization orbital with L=  2

POLgen: Polarization orbital for state 2p
Split based on tail norm

   izeta = 1
                     rc =    4.290924
                 energy =    2.236783
                kinetic =    4.278617
    potential(screened) =   -2.041834
       potential(ionic) =   -8.171412
atom: Total number of Sankey-type orbitals: 13

atm_pop: Valence configuration (for local Pseudopot. screening):
 2s( 2.00)                                                            
 2p( 4.00)                                                            
 3d( 0.00)                                                            
Vna: chval, zval:    6.00000   6.00000

Vna:  Cut-off radius for the neutral-atom potential:   4.290924

atom: _________________________________________________________________________

<basis_specs>
===============================================================================
H                    Z=   1    Mass=  1.0080        Charge= 0.17977+309
Lmxo=1 Lmxkb= 2    BasisType=split      Semic=F
L=0  Nsemic=0  Cnfigmx=1
          i=1  nzeta=2  polorb=1  (1s)  (to be polarized perturbatively)
            splnorm:   0.15000    
               vcte:    40.000    
               rinn:  -0.90000    
               qcoe:    0.0000    
               qyuk:    0.0000    
               qwid:   0.10000E-01
                rcs:    0.0000      0.0000    
            lambdas:    1.0000      1.0000    
L=1  Nsemic=0  Cnfigmx=2
          i=1  nzeta=0  polorb=0  (2p)  (perturbative polarization orbital) (from 1s)
-------------------------------------------------------------------------------
L=0  Nkbl=1  erefs: 0.17977+309
L=1  Nkbl=1  erefs: 0.17977+309
L=2  Nkbl=1  erefs: 0.17977+309
===============================================================================
</basis_specs>

Using PAO.SplitTailNorm
atom: Called for H                     (Z =   1)
Maximum radius (at nrval) set to   50.00000 8518

read_vps: Pseudopotential generation method:
read_vps: ATM3      Troullier-Martins                       
Valence charge in pseudo generation:    1.00000

xc_check: Exchange-correlation functional:
xc_check: Ceperley-Alder
V l=0 = -2*Zval/r beyond r=  1.2384
V l=1 = -2*Zval/r beyond r=  1.2321
V l=2 = -2*Zval/r beyond r=  1.2272
All V_l potentials equal beyond r=  1.2371
This should be close to max(r_c) in ps generation
All pots = -2*Zval/r beyond r=  1.2384
Using small-core scheme (local charge) for Vlocal

VLOCAL_FROM_CHLOCAL: 99.0% of the norm of Vloc inside     28.363 Ry
VLOCAL_FROM_CHLOCAL: 99.9% of the norm of Vloc inside     64.639 Ry
atom: Maximum radius for chlocal:    1.44620
atom: Maximum radius for r*vlocal+2*Zval:    1.31026

KBgen: Kleinman-Bylander projectors: 
GHOST: No ghost state for L =  0
   l= 0   rc=  1.364142   el= -0.467325   Ekb= -2.009475   kbcos= -0.336680
GHOST: No ghost state for L =  1
   l= 1   rc=  1.430269   el=  0.007562   Ekb= -0.503817   kbcos= -0.022554
GHOST: No ghost state for L =  2
   l= 2   rc=  1.469686   el=  0.013286   Ekb= -0.191752   kbcos= -0.002430

KBgen: Total number of Kleinman-Bylander projectors:   9
atom: -------------------------------------------------------------------------

atom: SANKEY-TYPE ORBITALS:
atom: Selected multiple-zeta basis: split     

SPLIT: Orbitals with angular momentum L= 0

SPLIT: Basis orbitals for state 1s

SPLIT: PAO cut-off radius determined from an
SPLIT: energy shift=  0.010000 Ry
Split based on tail norm

   izeta = 1
                 lambda =    1.000000
                     rc =    5.285354
                 energy =   -0.456120
                kinetic =    0.900445
    potential(screened) =   -1.356565
       potential(ionic) =   -1.890080

   izeta = 2
                 rmatch =    3.582433
              splitnorm =    0.150000
                 energy =   -0.289774
                kinetic =    1.649095
    potential(screened) =   -1.938868
       potential(ionic) =   -2.516427

POLgen: Perturbative polarization orbital with L=  1

POLgen: Polarization orbital for state 1s
Split based on tail norm

   izeta = 1
                     rc =    5.285354
                 energy =    0.642323
                kinetic =    1.282472
    potential(screened) =   -0.640149
       potential(ionic) =   -1.117275
atom: Total number of Sankey-type orbitals:  5

atm_pop: Valence configuration (for local Pseudopot. screening):
 1s( 1.00)                                                            
 2p( 0.00)                                                            
Vna: chval, zval:    1.00000   1.00000

Vna:  Cut-off radius for the neutral-atom potential:   5.285354

atom: _________________________________________________________________________

prinput: Basis input 

PAO.BasisType split     

%block ChemicalSpeciesLabel
    1    8 O                       # Species index, atomic number, species label
    2    1 H                       # Species index, atomic number, species label
%endblock ChemicalSpeciesLabel

%block PAO.Basis                 # Define Basis set
# WARNING: This information might be incomplete!
O                     2                    # Species label, number of l-shells
 n=2   0   2                         # n, l, Nzeta 
   3.561      2.320   
   1.000      1.000   
 n=2   1   2 P   1                   # n, l, Nzeta, Polarization, NzetaPol
   4.291      2.782   
   1.000      1.000   
H                     1                    # Species label, number of l-shells
 n=1   0   2 P   1                   # n, l, Nzeta, Polarization, NzetaPol
   5.285      3.582   
   1.000      1.000   
%endblock PAO.Basis

prinput: ----------------------------------------------------------------------

coor:   Atomic-coordinates input format  =     Cartesian coordinates
coor:                                          (in Angstroms)

siesta: Atomic coordinates (Bohr) and species
siesta:      9.44863   9.44863   0.22537  1        1
siesta:      9.44863  10.89094  -0.90149  2        2
siesta:      9.44863   8.19544  -0.90149  2        3

siesta: System type = molecule  

initatomlists: Number of atoms, orbitals, and projectors:      3    23    34

siesta: ******************** Simulation parameters ****************************
siesta:
siesta: The following are some of the parameters of the simulation.
siesta: A complete list of the parameters used, including default values,
siesta: can be found in file out.fdf
siesta:
redata: Spin configuration                          = none
redata: Number of spin components                   = 1
redata: Time-Reversal Symmetry                      = T
redata: Spin spiral                                 = F
redata: Long output                                 =   F
redata: Number of Atomic Species                    =        2
redata: Charge density info will appear in .RHO file
redata: Write Mulliken charges (when)               = none
redata: Write Mulliken Pop.                         = NO
redata: Write Hirshfeld charges (when)              = none
redata: Write Voronoi charges (when)                = none
redata: Write spin charge (when)                    = none
redata: Matel table size (NRTAB)                    =     1024
redata: Mesh Cutoff                                 =   300.0000 Ry
redata: Net charge of the system                    =     0.0000 |e|
redata: Min. number of SCF Iter                     =        0
redata: Max. number of SCF Iter                     =     1000
redata: SCF convergence failure will abort job
redata: SCF mix quantity                            = Hamiltonian
redata: Mix DM or H after convergence               =   F
redata: Recompute H after scf cycle                 =   F
redata: Mix DM in first SCF step                    =   T
redata: Write Pulay info on disk                    =   F
redata: New DM Occupancy tolerance                  = 0.000000000001
redata: No kicks to SCF
redata: DM Mixing Weight for Kicks                  =     0.5000
redata: Require Harris convergence for SCF          =   F
redata: Harris energy tolerance for SCF             =     0.000100 eV
redata: Require DM convergence for SCF              =   T
redata: DM tolerance for SCF                        =     0.000100
redata: Require EDM convergence for SCF             =   F
redata: EDM tolerance for SCF                       =     0.001000 eV
redata: Require H convergence for SCF               =   T
redata: Hamiltonian tolerance for SCF               =     0.001000 eV
redata: Require (free) Energy convergence for SCF   =   F
redata: (free) Energy tolerance for SCF             =     0.000100 eV
redata: Using DFT-D3 dispersion                     =   F
redata: Using Saved Data (generic)                  =   F
redata: Use continuation files for DM               =   T
redata: Neglect nonoverlap interactions             =   F
redata: Method of Calculation                       = Diagonalization
redata: Electronic Temperature                      =   300.0000 K
redata: Fix the spin of the system                  =   F
redata: Max. number of TDED Iter                    =        1
redata: Number of TDED substeps                     =        3
redata: Dynamics option                             = Verlet MD run
redata: Initial MD time step                        =        1
redata:   Final MD time step                        =       50
redata: Length of MD time step                      =     1.0000 fs
redata: Initial Temperature of MD run               =     0.0000 K
redata: Perform a MD quench                         =   F
mix.SCF: Pulay mixing                            = Pulay
mix.SCF:    Variant                              = stable
mix.SCF:    History steps                        = 2
mix.SCF:    Linear mixing weight                 =     0.250000
mix.SCF:    Mixing weight                        =     0.250000
mix.SCF:    SVD condition                        = 0.1000E-07
FFT: Using FFTW.
redata: ***********************************************************************

%block SCF.Mixers
  Pulay
%endblock SCF.Mixers

%block SCF.Mixer.Pulay
  # Mixing method
  method pulay
  variant stable

  # Mixing options
  weight 0.2500
  weight.linear 0.2500
  history 2
%endblock SCF.Mixer.Pulay

Size of DM history Fstack: 1
Total number of electrons:     8.000000
Total ionic charge:     8.000000

* ProcessorY, Blocksize:    1  24


* Orbital distribution balance (max,min):    23    23


siesta: k-grid: Number of k-points = 1
siesta: k-point is Gamma-only

diag: Algorithm                                     = D&C
diag: Parallel over k                               =   F
diag: Use parallel 2D distribution                  =   F
diag: Parallel block-size                           = 24
diag: Parallel distribution                         =     1 x     1
diag: Used triangular part                          = Lower
diag: Absolute tolerance                            =  0.100E-15
diag: Orthogonalization factor                      =  0.100E-05
diag: Memory factor                                 =  1.0000


ts: **************************************************************
ts: Save H and S matrices                           =    T
ts: Save TSHS files in MD/FC simulation             =    F
ts: Save DM and EDM matrices                        =    T
ts: Only save the overlap matrix S                  =    F
ts: **************************************************************

************************ Begin: TS CHECKS AND WARNINGS ************************
************************ End: TS CHECKS AND WARNINGS **************************


LUA successfully initialized: md_store.lua


                     ====================================
                        Begin MD step =      1
                     ====================================

outcell: Unit cell vectors (Ang):
       10.000000    0.000000    0.000000
        0.000000   10.000000    0.000000
        0.000000    0.000000   10.000000

outcell: Cell vector modules (Ang)   :   10.000000   10.000000   10.000000
outcell: Cell angles (23,13,12) (deg):     90.0000     90.0000     90.0000
outcell: Cell volume (Ang**3)        :   1000.0000
<dSpData1D:S at geom step 1
  <sparsity:sparsity for geom step 1
    nrows_g=23 nrows=23 sparsity=1.0000 nnzs=529, refcount: 7>
  <dData1D:(new from dSpData1D) n=529, refcount: 1>
refcount: 1>
new_DM -- step:     1
Initializing Density Matrix...

Attempting to read DM from file... Succeeded...
DM from file:
<dSpData2D:IO-DM: siesta.DM
  <sparsity:IO-DM: siesta.DM
    nrows_g=23 nrows=23 sparsity=1.0000 nnzs=529, refcount: 1>
  <dData2D:(new from dSpData2D) n=529 m=1, refcount: 1>
refcount: 1>
DM to be used:
<dSpData2D:Re-structured SpM
  <sparsity:sparsity for geom step 1
    nrows_g=23 nrows=23 sparsity=1.0000 nnzs=529, refcount: 8>
  <dData2D:(new in restruct) n=529 m=1, refcount: 1>
refcount: 1>
Note: For starting DM, Qtot, Tr[D*S] =          8.00000000          8.10847908
No. of atoms with KB's overlaping orbs in proc 0. Max # of overlaps:       3      23

InitMesh: MESH = 108 x 108 x 108 = 1259712
InitMesh: Mesh cutoff (required, used) =   300.000   322.366 Ry
New grid distribution [1]: sub = 2
mkdir: no se puede crear el directorio «MD_steps»: El archivo ya existe
mkdir: no se puede crear el directorio «MD_steps/basis»: El archivo ya existe

stepf: Fermi-Dirac step function

siesta: Program's energy decomposition (eV):
siesta: Ebs     =      -101.939596
siesta: Eions   =       810.513381
siesta: Ena     =       174.593065
siesta: Ekin    =       361.075074
siesta: Enl     =       -66.820003
siesta: Eso     =         0.000000
siesta: Edftu   =         0.000000
siesta: DEna    =       -10.732077
siesta: DUscf   =         1.199162
siesta: DUext   =         0.000000
siesta: Ex      =      -101.920920
siesta: Ec      =       -12.671345
siesta: Exc     =      -114.592265
siesta: EbV     =         0.000000
siesta: eta*DQ  =         0.000000
siesta: Emadel  =         0.000000
siesta: Emeta   =         0.000000
siesta: Emolmec =         0.000000
siesta: Ekinion =         0.000000
siesta: Eharris =      -464.709477
siesta: Etot    =      -465.790425
siesta: FreeEng =      -465.790425

        iscf     Eharris(eV)        E_KS(eV)     FreeEng(eV)     dDmax    Ef(eV) dHmax(eV)
   scf:    1     -464.709477     -465.790425     -465.790425  0.188716 -5.634996  1.854476
timer: Routine,Calls,Time,% = IterSCF        1       0.145  17.25
   scf:    2     -465.164861     -465.650444     -465.650444  0.089604 -4.533355  3.157375
   scf:    3     -465.946183     -465.869149     -465.869149  0.054279 -5.225305  0.109147
   scf:    4     -465.870230     -465.869720     -465.869720  0.001400 -5.217649  0.063412
   scf:    5     -465.870220     -465.870010     -465.870010  0.001699 -5.210541  0.021000
   scf:    6     -465.870032     -465.870021     -465.870021  0.000312 -5.208808  0.016551
   scf:    7     -465.870031     -465.870027     -465.870027  0.000354 -5.205567  0.008139
   scf:    8     -465.870028     -465.870028     -465.870028  0.000235 -5.202770  0.001859
   scf:    9     -465.870028     -465.870028     -465.870028  0.000029 -5.202307  0.001050
   scf:   10     -465.870028     -465.870028     -465.870028  0.000014 -5.202220  0.000734

SCF Convergence by DM+H criterion
max |DM_out - DM_in|         :     0.0000144714
max |H_out - H_in|      (eV) :     0.0007341878
SCF cycle converged after 10 iterations

Using DM_out to compute the final energy and forces
No. of atoms with KB's overlaping orbs in proc 0. Max # of overlaps:       3      23

siesta: E_KS(eV) =             -465.8700

siesta: E_KS - E_eggbox =      -465.8700
mkdir: no se puede crear el directorio «MD_steps/0»: El archivo ya existe

siesta: Atomic forces (eV/Ang):
----------------------------------------
   Tot   -0.000000   -0.000973   -0.002839
----------------------------------------
   Max    4.679210
   Res    2.585097    sqrt( Sum f_i^2 / 3N )
----------------------------------------
   Max    4.679210    constrained

Stress tensor Voigt[x,y,z,yz,xz,xy] (kbar):       -0.00       -5.89       -3.11       -3.76        0.00        0.00
(Free)E + p*V (eV/cell)     -463.9982
Target enthalpy (eV/cell)     -465.8700

siesta: Stress tensor (static) (eV/Ang**3):
        -0.000001    0.000000    0.000000
         0.000000   -0.003675   -0.002344
         0.000000   -0.002344   -0.001939

siesta: Pressure (static):          2.99898722  kBar

siesta: Stress tensor (total) (eV/Ang**3):
        -0.000001    0.000000    0.000000
         0.000000   -0.003675   -0.002344
         0.000000   -0.002344   -0.001939

siesta: Pressure (total):          2.99898722  kBar

siesta: Temp_ion =       0.000 K

                     ====================================
                        Begin MD step =      2
                     ====================================

outcell: Unit cell vectors (Ang):
       10.000000    0.000000    0.000000
        0.000000   10.000000    0.000000
        0.000000    0.000000   10.000000

outcell: Cell vector modules (Ang)   :   10.000000   10.000000   10.000000
outcell: Cell angles (23,13,12) (deg):     90.0000     90.0000     90.0000
outcell: Cell volume (Ang**3)        :   1000.0000
<dSpData1D:S at geom step 2
  <sparsity:sparsity for geom step 2
    nrows_g=23 nrows=23 sparsity=1.0000 nnzs=529, refcount: 7>
  <dData1D:(new from dSpData1D) n=529, refcount: 1>
refcount: 1>
new_DM -- step:     2
Re-using DM from previous geometries...
Number of DMs in history: 1
 DM extrapolation coefficients: 
1   1.00000
New DM after history re-use:
<dSpData2D:SpM extrapolated using coords
  <sparsity:sparsity for geom step 2
    nrows_g=23 nrows=23 sparsity=1.0000 nnzs=529, refcount: 9>
  <dData2D:(temp array for extrapolation) n=529 m=1, refcount: 1>
refcount: 1>
Note: For starting DM, Qtot, Tr[D*S] =          8.00000000          7.98127667
No. of atoms with KB's overlaping orbs in proc 0. Max # of overlaps:       3      23

InitMesh: MESH = 108 x 108 x 108 = 1259712
InitMesh: Mesh cutoff (required, used) =   300.000   322.366 Ry
New grid distribution [1]: sub = 2
mkdir: no se puede crear el directorio «MD_steps»: El archivo ya existe
mkdir: no se puede crear el directorio «MD_steps/basis»: El archivo ya existe

        iscf     Eharris(eV)        E_KS(eV)     FreeEng(eV)     dDmax    Ef(eV) dHmax(eV)
   scf:    1     -466.182756     -466.004100     -466.004100  0.033630 -5.019953  0.298403
   scf:    2     -465.987562     -466.000521     -466.000521  0.016313 -5.202664  0.514950
   scf:    3     -466.008515     -466.006375     -466.006375  0.010218 -5.087151  0.021418
   scf:    4     -466.006412     -466.006394     -466.006394  0.000203 -5.087409  0.012058
   scf:    5     -466.006411     -466.006405     -466.006405  0.000331 -5.088383  0.004245
   scf:    6     -466.006405     -466.006405     -466.006405  0.000064 -5.088858  0.003023
   scf:    7     -466.006405     -466.006405     -466.006405  0.000126 -5.089833  0.000416
   scf:    8     -466.006405     -466.006405     -466.006405  0.000004 -5.089880  0.000260

SCF Convergence by DM+H criterion
max |DM_out - DM_in|         :     0.0000040295
max |H_out - H_in|      (eV) :     0.0002597280
SCF cycle converged after 8 iterations

Using DM_out to compute the final energy and forces
No. of atoms with KB's overlaping orbs in proc 0. Max # of overlaps:       3      23

siesta: E_KS(eV) =             -466.0064
mkdir: no se puede crear el directorio «MD_steps/1»: El archivo ya existe

siesta: Atomic forces (eV/Ang):
----------------------------------------
   Tot   -0.000000    0.000392   -0.002199
----------------------------------------
   Max    2.931207
   Res    1.545436    sqrt( Sum f_i^2 / 3N )
----------------------------------------
   Max    2.931207    constrained

Stress tensor Voigt[x,y,z,yz,xz,xy] (kbar):       -0.00       -4.00       -1.79       -2.28       -0.00        0.00
(Free)E + p*V (eV/cell)     -464.8004
Target enthalpy (eV/cell)     -466.0064

siesta: Stress tensor (static) (eV/Ang**3):
        -0.000001    0.000000   -0.000000
         0.000000   -0.002497   -0.001423
        -0.000000   -0.001423   -0.001120

siesta: Pressure (static):          1.93227031  kBar

siesta: Stress tensor (total) (eV/Ang**3):
        -0.000001    0.000000   -0.000000
         0.000000   -0.002497   -0.001423
        -0.000000   -0.001423   -0.001120

siesta: Pressure (total):          1.93227031  kBar

siesta: Temp_ion =     428.321 K

                     ====================================
                        Begin MD step =      3
                     ====================================

outcell: Unit cell vectors (Ang):
       10.000000    0.000000    0.000000
        0.000000   10.000000    0.000000
        0.000000    0.000000   10.000000

outcell: Cell vector modules (Ang)   :   10.000000   10.000000   10.000000
outcell: Cell angles (23,13,12) (deg):     90.0000     90.0000     90.0000
outcell: Cell volume (Ang**3)        :   1000.0000
<dSpData1D:S at geom step 3
  <sparsity:sparsity for geom step 3
    nrows_g=23 nrows=23 sparsity=1.0000 nnzs=529, refcount: 7>
  <dData1D:(new from dSpData1D) n=529, refcount: 1>
refcount: 1>
new_DM -- step:     3
Re-using DM from previous geometries...
Number of DMs in history: 1
 DM extrapolation coefficients: 
1   1.00000
New DM after history re-use:
<dSpData2D:SpM extrapolated using coords
  <sparsity:sparsity for geom step 3
    nrows_g=23 nrows=23 sparsity=1.0000 nnzs=529, refcount: 9>
  <dData2D:(temp array for extrapolation) n=529 m=1, refcount: 1>
refcount: 1>
Note: For starting DM, Qtot, Tr[D*S] =          8.00000000          7.95686644
No. of atoms with KB's overlaping orbs in proc 0. Max # of overlaps:       3      23

InitMesh: MESH = 108 x 108 x 108 = 1259712
InitMesh: Mesh cutoff (required, used) =   300.000   322.366 Ry
New grid distribution [1]: sub = 2
mkdir: no se puede crear el directorio «MD_steps»: El archivo ya existe
mkdir: no se puede crear el directorio «MD_steps/basis»: El archivo ya existe

        iscf     Eharris(eV)        E_KS(eV)     FreeEng(eV)     dDmax    Ef(eV) dHmax(eV)
   scf:    1     -466.450678     -466.096979     -466.096979  0.070662 -4.714880  0.642560
   scf:    2     -466.007814     -466.077298     -466.077298  0.038739 -5.111053  1.170442
   scf:    3     -466.119910     -466.108678     -466.108678  0.024850 -4.855269  0.052300
   scf:    4     -466.108893     -466.108791     -466.108791  0.000457 -4.854987  0.029631
   scf:    5     -466.108884     -466.108845     -466.108845  0.000776 -4.856564  0.009630
   scf:    6     -466.108848     -466.108847     -466.108847  0.000185 -4.857783  0.006941
   scf:    7     -466.108848     -466.108848     -466.108848  0.000299 -4.859820  0.001689
   scf:    8     -466.108848     -466.108848     -466.108848  0.000030 -4.860091  0.000750

SCF Convergence by DM+H criterion
max |DM_out - DM_in|         :     0.0000300686
max |H_out - H_in|      (eV) :     0.0007497497
SCF cycle converged after 8 iterations

Using DM_out to compute the final energy and forces
No. of atoms with KB's overlaping orbs in proc 0. Max # of overlaps:       3      23

siesta: E_KS(eV) =             -466.1088
mkdir: no se puede crear el directorio «MD_steps/2»: El archivo ya existe

siesta: Atomic forces (eV/Ang):
----------------------------------------
   Tot   -0.000000   -0.001834   -0.001826
----------------------------------------
   Max    0.473192
   Res    0.251362    sqrt( Sum f_i^2 / 3N )
----------------------------------------
   Max    0.473192    constrained

Stress tensor Voigt[x,y,z,yz,xz,xy] (kbar):       -0.00       -0.66        0.39        0.13       -0.00        0.00
(Free)E + p*V (eV/cell)     -466.0516
Target enthalpy (eV/cell)     -466.1088

siesta: Stress tensor (static) (eV/Ang**3):
        -0.000001    0.000000   -0.000000
         0.000000   -0.000263    0.000184
        -0.000000    0.000185    0.000314

siesta: Pressure (static):         -0.02655118  kBar

siesta: Stress tensor (total) (eV/Ang**3):
        -0.000001    0.000000   -0.000000
         0.000000   -0.000412    0.000082
        -0.000000    0.000082    0.000241

siesta: Pressure (total):          0.09172096  kBar

siesta: Temp_ion =     796.332 K

                     ====================================
                        Begin MD step =      4
                     ====================================

outcell: Unit cell vectors (Ang):
       10.000000    0.000000    0.000000
        0.000000   10.000000    0.000000
        0.000000    0.000000   10.000000

outcell: Cell vector modules (Ang)   :   10.000000   10.000000   10.000000
outcell: Cell angles (23,13,12) (deg):     90.0000     90.0000     90.0000
outcell: Cell volume (Ang**3)        :   1000.0000
<dSpData1D:S at geom step 4
  <sparsity:sparsity for geom step 4
    nrows_g=23 nrows=23 sparsity=1.0000 nnzs=529, refcount: 7>
  <dData1D:(new from dSpData1D) n=529, refcount: 1>
refcount: 1>
new_DM -- step:     4
Re-using DM from previous geometries...
Number of DMs in history: 1
 DM extrapolation coefficients: 
1   1.00000
New DM after history re-use:
<dSpData2D:SpM extrapolated using coords
  <sparsity:sparsity for geom step 4
    nrows_g=23 nrows=23 sparsity=1.0000 nnzs=529, refcount: 9>
  <dData2D:(temp array for extrapolation) n=529 m=1, refcount: 1>
refcount: 1>
Note: For starting DM, Qtot, Tr[D*S] =          8.00000000          7.95754838
No. of atoms with KB's overlaping orbs in proc 0. Max # of overlaps:       3      23

InitMesh: MESH = 108 x 108 x 108 = 1259712
InitMesh: Mesh cutoff (required, used) =   300.000   322.366 Ry
New grid distribution [1]: sub = 2
mkdir: no se puede crear el directorio «MD_steps»: El archivo ya existe
mkdir: no se puede crear el directorio «MD_steps/basis»: El archivo ya existe

        iscf     Eharris(eV)        E_KS(eV)     FreeEng(eV)     dDmax    Ef(eV) dHmax(eV)
   scf:    1     -466.304267     -466.008238     -466.008238  0.063940 -4.530934  0.624346
   scf:    2     -465.908589     -465.985473     -465.985473  0.040665 -4.921534  1.209700
   scf:    3     -466.032112     -466.020113     -466.020113  0.026671 -4.664029  0.053776
   scf:    4     -466.020347     -466.020237     -466.020237  0.000454 -4.663435  0.030410
   scf:    5     -466.020337     -466.020297     -466.020297  0.000780 -4.664752  0.009316
   scf:    6     -466.020300     -466.020298     -466.020298  0.000199 -4.665989  0.006778
   scf:    7     -466.020300     -466.020299     -466.020299  0.000313 -4.668006  0.001828
   scf:    8     -466.020299     -466.020299     -466.020299  0.000038 -4.668334  0.000746

SCF Convergence by DM+H criterion
max |DM_out - DM_in|         :     0.0000383459
max |H_out - H_in|      (eV) :     0.0007463219
SCF cycle converged after 8 iterations

Using DM_out to compute the final energy and forces
No. of atoms with KB's overlaping orbs in proc 0. Max # of overlaps:       3      23

siesta: E_KS(eV) =             -466.0203
mkdir: no se puede crear el directorio «MD_steps/3»: El archivo ya existe

siesta: Atomic forces (eV/Ang):
----------------------------------------
   Tot   -0.000000   -0.000157   -0.002929
----------------------------------------
   Max    1.902796
   Res    1.234843    sqrt( Sum f_i^2 / 3N )
----------------------------------------
   Max    1.902796    constrained

Stress tensor Voigt[x,y,z,yz,xz,xy] (kbar):       -0.00        2.00        1.89        1.73        0.00        0.00
(Free)E + p*V (eV/cell)     -466.8294
Target enthalpy (eV/cell)     -466.0203

siesta: Stress tensor (static) (eV/Ang**3):
        -0.000001    0.000000    0.000000
         0.000000    0.001540    0.001268
         0.000000    0.001268    0.001300

siesta: Pressure (static):         -1.51619755  kBar

siesta: Stress tensor (total) (eV/Ang**3):
        -0.000001    0.000000    0.000000
         0.000000    0.001251    0.001082
         0.000000    0.001082    0.001178

siesta: Pressure (total):         -1.29630645  kBar

siesta: Temp_ion =     505.088 K

                     ====================================
                        Begin MD step =      5
                     ====================================

outcell: Unit cell vectors (Ang):
       10.000000    0.000000    0.000000
        0.000000   10.000000    0.000000
        0.000000    0.000000   10.000000

outcell: Cell vector modules (Ang)   :   10.000000   10.000000   10.000000
outcell: Cell angles (23,13,12) (deg):     90.0000     90.0000     90.0000
outcell: Cell volume (Ang**3)        :   1000.0000
<dSpData1D:S at geom step 5
  <sparsity:sparsity for geom step 5
    nrows_g=23 nrows=23 sparsity=1.0000 nnzs=529, refcount: 7>
  <dData1D:(new from dSpData1D) n=529, refcount: 1>
refcount: 1>
new_DM -- step:     5
Re-using DM from previous geometries...
Number of DMs in history: 1
 DM extrapolation coefficients: 
1   1.00000
New DM after history re-use:
<dSpData2D:SpM extrapolated using coords
  <sparsity:sparsity for geom step 5
    nrows_g=23 nrows=23 sparsity=1.0000 nnzs=529, refcount: 9>
  <dData2D:(temp array for extrapolation) n=529 m=1, refcount: 1>
refcount: 1>
Note: For starting DM, Qtot, Tr[D*S] =          8.00000000          7.97545676
No. of atoms with KB's overlaping orbs in proc 0. Max # of overlaps:       3      23

InitMesh: MESH = 108 x 108 x 108 = 1259712
InitMesh: Mesh cutoff (required, used) =   300.000   322.366 Ry
New grid distribution [1]: sub = 2
mkdir: no se puede crear el directorio «MD_steps»: El archivo ya existe
mkdir: no se puede crear el directorio «MD_steps/basis»: El archivo ya existe

        iscf     Eharris(eV)        E_KS(eV)     FreeEng(eV)     dDmax    Ef(eV) dHmax(eV)
   scf:    1     -466.068596     -465.904804     -465.904804  0.035874 -4.477816  0.364892
   scf:    2     -465.867763     -465.896120     -465.896120  0.024394 -4.704574  0.727806
   scf:    3     -465.913159     -465.908873     -465.908873  0.016196 -4.553227  0.030752
   scf:    4     -465.908957     -465.908918     -465.908918  0.000287 -4.552978  0.017239
   scf:    5     -465.908954     -465.908939     -465.908939  0.000485 -4.553726  0.005641
   scf:    6     -465.908939     -465.908938     -465.908938  0.000114 -4.554421  0.004044
   scf:    7     -465.908939     -465.908939     -465.908939  0.000206 -4.555750  0.000705
   scf:    8     -465.908939     -465.908939     -465.908939  0.000013 -4.555894  0.000368

SCF Convergence by DM+H criterion
max |DM_out - DM_in|         :     0.0000131279
max |H_out - H_in|      (eV) :     0.0003684921
SCF cycle converged after 8 iterations

Using DM_out to compute the final energy and forces
No. of atoms with KB's overlaping orbs in proc 0. Max # of overlaps:       3      23

siesta: E_KS(eV) =             -465.9089
mkdir: no se puede crear el directorio «MD_steps/4»: El archivo ya existe

siesta: Atomic forces (eV/Ang):
----------------------------------------
   Tot    0.000000   -0.001596   -0.003136
----------------------------------------
   Max    2.740914
   Res    1.649806    sqrt( Sum f_i^2 / 3N )
----------------------------------------
   Max    2.740914    constrained

Stress tensor Voigt[x,y,z,yz,xz,xy] (kbar):       -0.00        3.77        2.65        2.55       -0.00       -0.00
(Free)E + p*V (eV/cell)     -467.2452
Target enthalpy (eV/cell)     -465.9089

siesta: Stress tensor (static) (eV/Ang**3):
        -0.000001   -0.000000   -0.000000
        -0.000000    0.002557    0.001698
        -0.000000    0.001698    0.001715

siesta: Pressure (static):         -2.28040551  kBar

siesta: Stress tensor (total) (eV/Ang**3):
        -0.000001   -0.000000   -0.000000
        -0.000000    0.002355    0.001590
        -0.000000    0.001590    0.001655

siesta: Pressure (total):         -2.14093572  kBar

siesta: Temp_ion =     106.737 K

                     ====================================
                        Begin MD step =      6
                     ====================================

outcell: Unit cell vectors (Ang):
       10.000000    0.000000    0.000000
        0.000000   10.000000    0.000000
        0.000000    0.000000   10.000000

outcell: Cell vector modules (Ang)   :   10.000000   10.000000   10.000000
outcell: Cell angles (23,13,12) (deg):     90.0000     90.0000     90.0000
outcell: Cell volume (Ang**3)        :   1000.0000
<dSpData1D:S at geom step 6
  <sparsity:sparsity for geom step 6
    nrows_g=23 nrows=23 sparsity=1.0000 nnzs=529, refcount: 7>
  <dData1D:(new from dSpData1D) n=529, refcount: 1>
refcount: 1>
new_DM -- step:     6
Re-using DM from previous geometries...
Number of DMs in history: 1
 DM extrapolation coefficients: 
1   1.00000
New DM after history re-use:
<dSpData2D:SpM extrapolated using coords
  <sparsity:sparsity for geom step 6
    nrows_g=23 nrows=23 sparsity=1.0000 nnzs=529, refcount: 9>
  <dData2D:(temp array for extrapolation) n=529 m=1, refcount: 1>
refcount: 1>
No. of atoms with KB's overlaping orbs in proc 0. Max # of overlaps:       3      23

InitMesh: MESH = 108 x 108 x 108 = 1259712
InitMesh: Mesh cutoff (required, used) =   300.000   322.366 Ry
New grid distribution [1]: sub = 2
mkdir: no se puede crear el directorio «MD_steps»: El archivo ya existe
mkdir: no se puede crear el directorio «MD_steps/basis»: El archivo ya existe

        iscf     Eharris(eV)        E_KS(eV)     FreeEng(eV)     dDmax    Ef(eV) dHmax(eV)
   scf:    1     -465.921990     -465.906683     -465.906683  0.010340 -4.511715  0.050618
   scf:    2     -465.906251     -465.906589     -465.906589  0.002861 -4.481582  0.084047
   scf:    3     -465.906791     -465.906741     -465.906741  0.001897 -4.501186  0.005342
   scf:    4     -465.906744     -465.906742     -465.906742  0.000069 -4.501094  0.003672
   scf:    5     -465.906744     -465.906743     -465.906743  0.000134 -4.500983  0.000868
   scf:    6     -465.906744     -465.906744     -465.906744  0.000014 -4.501042  0.000563

SCF Convergence by DM+H criterion
max |DM_out - DM_in|         :     0.0000143956
max |H_out - H_in|      (eV) :     0.0005634991
SCF cycle converged after 6 iterations

Using DM_out to compute the final energy and forces
No. of atoms with KB's overlaping orbs in proc 0. Max # of overlaps:       3      23

siesta: E_KS(eV) =             -465.9067
mkdir: no se puede crear el directorio «MD_steps/5»: El archivo ya existe

siesta: Atomic forces (eV/Ang):
----------------------------------------
   Tot    0.000000   -0.001595   -0.003526
----------------------------------------
   Max    2.822014
   Res    1.637603    sqrt( Sum f_i^2 / 3N )
----------------------------------------
   Max    2.822014    constrained

Stress tensor Voigt[x,y,z,yz,xz,xy] (kbar):       -0.00        4.39        2.66        2.59        0.00        0.00
(Free)E + p*V (eV/cell)     -467.3714
Target enthalpy (eV/cell)     -465.9067

siesta: Stress tensor (static) (eV/Ang**3):
        -0.000001    0.000000    0.000000
         0.000000    0.002789    0.001630
         0.000000    0.001630    0.001662

siesta: Pressure (static):         -2.37614987  kBar

siesta: Stress tensor (total) (eV/Ang**3):
        -0.000001    0.000000    0.000000
         0.000000    0.002738    0.001617
         0.000000    0.001617    0.001658

siesta: Pressure (total):         -2.34667674  kBar

siesta: Temp_ion =      99.501 K

                     ====================================
                        Begin MD step =      7
                     ====================================

outcell: Unit cell vectors (Ang):
       10.000000    0.000000    0.000000
        0.000000   10.000000    0.000000
        0.000000    0.000000   10.000000

outcell: Cell vector modules (Ang)   :   10.000000   10.000000   10.000000
outcell: Cell angles (23,13,12) (deg):     90.0000     90.0000     90.0000
outcell: Cell volume (Ang**3)        :   1000.0000
<dSpData1D:S at geom step 7
  <sparsity:sparsity for geom step 7
    nrows_g=23 nrows=23 sparsity=1.0000 nnzs=529, refcount: 7>
  <dData1D:(new from dSpData1D) n=529, refcount: 1>
refcount: 1>
new_DM -- step:     7
Re-using DM from previous geometries...
Number of DMs in history: 1
 DM extrapolation coefficients: 
1   1.00000
New DM after history re-use:
<dSpData2D:SpM extrapolated using coords
  <sparsity:sparsity for geom step 7
    nrows_g=23 nrows=23 sparsity=1.0000 nnzs=529, refcount: 9>
  <dData2D:(temp array for extrapolation) n=529 m=1, refcount: 1>
refcount: 1>
Note: For starting DM, Qtot, Tr[D*S] =          8.00000000          8.02674319
No. of atoms with KB's overlaping orbs in proc 0. Max # of overlaps:       3      23

InitMesh: MESH = 108 x 108 x 108 = 1259712
InitMesh: Mesh cutoff (required, used) =   300.000   322.366 Ry
New grid distribution [1]: sub = 2
mkdir: no se puede crear el directorio «MD_steps»: El archivo ya existe
mkdir: no se puede crear el directorio «MD_steps/basis»: El archivo ya existe

        iscf     Eharris(eV)        E_KS(eV)     FreeEng(eV)     dDmax    Ef(eV) dHmax(eV)
   scf:    1     -465.857970     -466.012891     -466.012891  0.038024 -4.614955  0.455865
   scf:    2     -465.959707     -466.000309     -466.000309  0.029511 -4.323794  0.889783
   scf:    3     -466.024631     -466.018524     -466.018524  0.019256 -4.514685  0.033843
   scf:    4     -466.018610     -466.018570     -466.018570  0.000296 -4.513799  0.018730
   scf:    5     -466.018603     -466.018590     -466.018590  0.000366 -4.512553  0.004633
   scf:    6     -466.018591     -466.018591     -466.018591  0.000069 -4.512146  0.003308
   scf:    7     -466.018591     -466.018591     -466.018591  0.000178 -4.510894  0.000305
   scf:    8     -466.018591     -466.018591     -466.018591  0.000005 -4.510815  0.000204

SCF Convergence by DM+H criterion
max |DM_out - DM_in|         :     0.0000052824
max |H_out - H_in|      (eV) :     0.0002037558
SCF cycle converged after 8 iterations

Using DM_out to compute the final energy and forces
No. of atoms with KB's overlaping orbs in proc 0. Max # of overlaps:       3      23

siesta: E_KS(eV) =             -466.0186
mkdir: no se puede crear el directorio «MD_steps/6»: El archivo ya existe

siesta: Atomic forces (eV/Ang):
----------------------------------------
   Tot    0.000000    0.000755   -0.002385
----------------------------------------
   Max    2.128932
   Res    1.195153    sqrt( Sum f_i^2 / 3N )
----------------------------------------
   Max    2.128932    constrained

Stress tensor Voigt[x,y,z,yz,xz,xy] (kbar):       -0.00        3.45        1.78        1.72        0.00        0.00
(Free)E + p*V (eV/cell)     -467.1064
Target enthalpy (eV/cell)     -466.0186

siesta: Stress tensor (static) (eV/Ang**3):
        -0.000001    0.000000    0.000000
         0.000000    0.002163    0.001094
         0.000000    0.001094    0.001154

siesta: Pressure (static):         -1.77036276  kBar

siesta: Stress tensor (total) (eV/Ang**3):
        -0.000001    0.000000    0.000000
         0.000000    0.002152    0.001074
         0.000000    0.001074    0.001113

siesta: Pressure (total):         -1.74288761  kBar

siesta: Temp_ion =     500.774 K

                     ====================================
                        Begin MD step =      8
                     ====================================

outcell: Unit cell vectors (Ang):
       10.000000    0.000000    0.000000
        0.000000   10.000000    0.000000
        0.000000    0.000000   10.000000

outcell: Cell vector modules (Ang)   :   10.000000   10.000000   10.000000
outcell: Cell angles (23,13,12) (deg):     90.0000     90.0000     90.0000
outcell: Cell volume (Ang**3)        :   1000.0000
<dSpData1D:S at geom step 8
  <sparsity:sparsity for geom step 8
    nrows_g=23 nrows=23 sparsity=1.0000 nnzs=529, refcount: 7>
  <dData1D:(new from dSpData1D) n=529, refcount: 1>
refcount: 1>
new_DM -- step:     8
Re-using DM from previous geometries...
Number of DMs in history: 1
 DM extrapolation coefficients: 
1   1.00000
New DM after history re-use:
<dSpData2D:SpM extrapolated using coords
  <sparsity:sparsity for geom step 8
    nrows_g=23 nrows=23 sparsity=1.0000 nnzs=529, refcount: 9>
  <dData2D:(temp array for extrapolation) n=529 m=1, refcount: 1>
refcount: 1>
Note: For starting DM, Qtot, Tr[D*S] =          8.00000000          8.04664577
No. of atoms with KB's overlaping orbs in proc 0. Max # of overlaps:       3      23

InitMesh: MESH = 108 x 108 x 108 = 1259712
InitMesh: Mesh cutoff (required, used) =   300.000   322.366 Ry
New grid distribution [1]: sub = 2
mkdir: no se puede crear el directorio «MD_steps»: El archivo ya existe
mkdir: no se puede crear el directorio «MD_steps/basis»: El archivo ya existe

        iscf     Eharris(eV)        E_KS(eV)     FreeEng(eV)     dDmax    Ef(eV) dHmax(eV)
   scf:    1     -465.778080     -466.101597     -466.101597  0.070991 -4.804358  0.749272
   scf:    2     -465.978515     -466.073321     -466.073321  0.045000 -4.331707  1.383084
   scf:    3     -466.130661     -466.115914     -466.115914  0.028558 -4.635269  0.051046
   scf:    4     -466.116117     -466.116022     -466.116022  0.000513 -4.633348  0.028243
   scf:    5     -466.116104     -466.116072     -466.116072  0.000716 -4.630950  0.008269
   scf:    6     -466.116074     -466.116073     -466.116073  0.000115 -4.630282  0.006037
   scf:    7     -466.116074     -466.116073     -466.116073  0.000270 -4.628317  0.000952
   scf:    8     -466.116073     -466.116073     -466.116073  0.000034 -4.627921  0.000406

SCF Convergence by DM+H criterion
max |DM_out - DM_in|         :     0.0000337258
max |H_out - H_in|      (eV) :     0.0004061929
SCF cycle converged after 8 iterations

Using DM_out to compute the final energy and forces
No. of atoms with KB's overlaping orbs in proc 0. Max # of overlaps:       3      23

siesta: E_KS(eV) =             -466.1161
mkdir: no se puede crear el directorio «MD_steps/7»: El archivo ya existe

siesta: Atomic forces (eV/Ang):
----------------------------------------
   Tot   -0.000000   -0.000081   -0.001526
----------------------------------------
   Max    0.353498
   Res    0.171907    sqrt( Sum f_i^2 / 3N )
----------------------------------------
   Max    0.353498    constrained

Stress tensor Voigt[x,y,z,yz,xz,xy] (kbar):       -0.00        0.64       -0.05       -0.23        0.00       -0.00
(Free)E + p*V (eV/cell)     -466.2383
Target enthalpy (eV/cell)     -466.1161

siesta: Stress tensor (static) (eV/Ang**3):
        -0.000001    0.000000   -0.000000
        -0.000000    0.000507   -0.000019
         0.000000   -0.000020    0.000120

siesta: Pressure (static):         -0.33415905  kBar

siesta: Stress tensor (total) (eV/Ang**3):
        -0.000001    0.000000   -0.000000
        -0.000000    0.000400   -0.000144
         0.000000   -0.000144   -0.000032

siesta: Pressure (total):         -0.19588032  kBar

siesta: Temp_ion =     823.062 K

                     ====================================
                        Begin MD step =      9
                     ====================================

outcell: Unit cell vectors (Ang):
       10.000000    0.000000    0.000000
        0.000000   10.000000    0.000000
        0.000000    0.000000   10.000000

outcell: Cell vector modules (Ang)   :   10.000000   10.000000   10.000000
outcell: Cell angles (23,13,12) (deg):     90.0000     90.0000     90.0000
outcell: Cell volume (Ang**3)        :   1000.0000
<dSpData1D:S at geom step 9
  <sparsity:sparsity for geom step 9
    nrows_g=23 nrows=23 sparsity=1.0000 nnzs=529, refcount: 7>
  <dData1D:(new from dSpData1D) n=529, refcount: 1>
refcount: 1>
new_DM -- step:     9
Re-using DM from previous geometries...
Number of DMs in history: 1
 DM extrapolation coefficients: 
1   1.00000
New DM after history re-use:
<dSpData2D:SpM extrapolated using coords
  <sparsity:sparsity for geom step 9
    nrows_g=23 nrows=23 sparsity=1.0000 nnzs=529, refcount: 9>
  <dData2D:(temp array for extrapolation) n=529 m=1, refcount: 1>
refcount: 1>
Note: For starting DM, Qtot, Tr[D*S] =          8.00000000          8.05042548
No. of atoms with KB's overlaping orbs in proc 0. Max # of overlaps:       3      23

InitMesh: MESH = 108 x 108 x 108 = 1259712
InitMesh: Mesh cutoff (required, used) =   300.000   322.366 Ry
New grid distribution [1]: sub = 2
mkdir: no se puede crear el directorio «MD_steps»: El archivo ya existe
mkdir: no se puede crear el directorio «MD_steps/basis»: El archivo ya existe

        iscf     Eharris(eV)        E_KS(eV)     FreeEng(eV)     dDmax    Ef(eV) dHmax(eV)
   scf:    1     -465.612309     -466.004302     -466.004302  0.083300 -5.025555  0.796819
   scf:    2     -465.886549     -465.977870     -465.977870  0.043830 -4.522852  1.384533
   scf:    3     -466.033630     -466.018896     -466.018896  0.027098 -4.839276  0.045207
   scf:    4     -466.019058     -466.018981     -466.018981  0.000580 -4.836732  0.026260
   scf:    5     -466.019056     -466.019027     -466.019027  0.000816 -4.833412  0.008796
   scf:    6     -466.019029     -466.019028     -466.019028  0.000121 -4.832650  0.006458
   scf:    7     -466.019029     -466.019029     -466.019029  0.000263 -4.830608  0.000938
   scf:    8     -466.019029     -466.019029     -466.019029  0.000036 -4.830192  0.000505

SCF Convergence by DM+H criterion
max |DM_out - DM_in|         :     0.0000363283
max |H_out - H_in|      (eV) :     0.0005048980
SCF cycle converged after 8 iterations

Using DM_out to compute the final energy and forces
No. of atoms with KB's overlaping orbs in proc 0. Max # of overlaps:       3      23

siesta: E_KS(eV) =             -466.0190
mkdir: no se puede crear el directorio «MD_steps/8»: El archivo ya existe

siesta: Atomic forces (eV/Ang):
----------------------------------------
   Tot   -0.000000   -0.000050   -0.002344
----------------------------------------
   Max    2.726227
   Res    1.669278    sqrt( Sum f_i^2 / 3N )
----------------------------------------
   Max    2.726227    constrained

Stress tensor Voigt[x,y,z,yz,xz,xy] (kbar):       -0.00       -3.45       -2.44       -2.81        0.00        0.00
(Free)E + p*V (eV/cell)     -464.7951
Target enthalpy (eV/cell)     -466.0190

siesta: Stress tensor (static) (eV/Ang**3):
        -0.000001   -0.000000    0.000000
         0.000000   -0.001950   -0.001550
         0.000000   -0.001550   -0.001296

siesta: Pressure (static):          1.73366358  kBar

siesta: Stress tensor (total) (eV/Ang**3):
        -0.000001   -0.000000    0.000000
         0.000000   -0.002151   -0.001751
         0.000000   -0.001751   -0.001520

siesta: Pressure (total):          1.96093543  kBar

siesta: Temp_ion =     473.195 K

                     ====================================
                        Begin MD step =     10
                     ====================================

outcell: Unit cell vectors (Ang):
       10.000000    0.000000    0.000000
        0.000000   10.000000    0.000000
        0.000000    0.000000   10.000000

outcell: Cell vector modules (Ang)   :   10.000000   10.000000   10.000000
outcell: Cell angles (23,13,12) (deg):     90.0000     90.0000     90.0000
outcell: Cell volume (Ang**3)        :   1000.0000
<dSpData1D:S at geom step 10
  <sparsity:sparsity for geom step 10
    nrows_g=23 nrows=23 sparsity=1.0000 nnzs=529, refcount: 7>
  <dData1D:(new from dSpData1D) n=529, refcount: 1>
refcount: 1>
new_DM -- step:    10
Re-using DM from previous geometries...
Number of DMs in history: 1
 DM extrapolation coefficients: 
1   1.00000
New DM after history re-use:
<dSpData2D:SpM extrapolated using coords
  <sparsity:sparsity for geom step 10
    nrows_g=23 nrows=23 sparsity=1.0000 nnzs=529, refcount: 9>
  <dData2D:(temp array for extrapolation) n=529 m=1, refcount: 1>
refcount: 1>
Note: For starting DM, Qtot, Tr[D*S] =          8.00000000          8.02796350
No. of atoms with KB's overlaping orbs in proc 0. Max # of overlaps:       3      23

InitMesh: MESH = 108 x 108 x 108 = 1259712
InitMesh: Mesh cutoff (required, used) =   300.000   322.366 Ry
New grid distribution [1]: sub = 2
mkdir: no se puede crear el directorio «MD_steps»: El archivo ya existe
mkdir: no se puede crear el directorio «MD_steps/basis»: El archivo ya existe

        iscf     Eharris(eV)        E_KS(eV)     FreeEng(eV)     dDmax    Ef(eV) dHmax(eV)
   scf:    1     -465.657493     -465.873762     -465.873762  0.047145 -5.061608  0.438828
   scf:    2     -465.840880     -465.866306     -465.866306  0.023320 -4.778023  0.740570
   scf:    3     -465.881853     -465.877671     -465.877671  0.014322 -4.954869  0.018803
   scf:    4     -465.877691     -465.877681     -465.877681  0.000303 -4.953217  0.011609
   scf:    5     -465.877692     -465.877688     -465.877688  0.000482 -4.950645  0.004102
   scf:    6     -465.877688     -465.877688     -465.877688  0.000070 -4.950159  0.002812
   scf:    7     -465.877688     -465.877688     -465.877688  0.000123 -4.949155  0.000451
   scf:    8     -465.877688     -465.877688     -465.877688  0.000004 -4.949095  0.000265

SCF Convergence by DM+H criterion
max |DM_out - DM_in|         :     0.0000043319
max |H_out - H_in|      (eV) :     0.0002650613
SCF cycle converged after 8 iterations

Using DM_out to compute the final energy and forces
No. of atoms with KB's overlaping orbs in proc 0. Max # of overlaps:       3      23

siesta: E_KS(eV) =             -465.8777
mkdir: no se puede crear el directorio «MD_steps/9»: El archivo ya existe

siesta: Atomic forces (eV/Ang):
----------------------------------------
   Tot    0.000000    0.000386   -0.001800
----------------------------------------
   Max    4.565856
   Res    2.733712    sqrt( Sum f_i^2 / 3N )
----------------------------------------
   Max    4.565856    constrained

Stress tensor Voigt[x,y,z,yz,xz,xy] (kbar):       -0.00       -5.81       -3.65       -3.82        0.00       -0.00
(Free)E + p*V (eV/cell)     -463.9098
Target enthalpy (eV/cell)     -465.8777

siesta: Stress tensor (static) (eV/Ang**3):
        -0.000001   -0.000000    0.000000
        -0.000000   -0.003520   -0.002275
         0.000000   -0.002275   -0.002139

siesta: Pressure (static):          3.02224371  kBar

siesta: Stress tensor (total) (eV/Ang**3):
        -0.000001   -0.000000    0.000000
        -0.000000   -0.003627   -0.002383
         0.000000   -0.002383   -0.002276

siesta: Pressure (total):          3.15290695  kBar

siesta: Temp_ion =      29.372 K

                     ====================================
                        Begin MD step =     11
                     ====================================

outcell: Unit cell vectors (Ang):
       10.000000    0.000000    0.000000
        0.000000   10.000000    0.000000
        0.000000    0.000000   10.000000

outcell: Cell vector modules (Ang)   :   10.000000   10.000000   10.000000
outcell: Cell angles (23,13,12) (deg):     90.0000     90.0000     90.0000
outcell: Cell volume (Ang**3)        :   1000.0000
<dSpData1D:S at geom step 11
  <sparsity:sparsity for geom step 11
    nrows_g=23 nrows=23 sparsity=1.0000 nnzs=529, refcount: 7>
  <dData1D:(new from dSpData1D) n=529, refcount: 1>
refcount: 1>
new_DM -- step:    11
Re-using DM from previous geometries...
Number of DMs in history: 1
 DM extrapolation coefficients: 
1   1.00000
New DM after history re-use:
<dSpData2D:SpM extrapolated using coords
  <sparsity:sparsity for geom step 11
    nrows_g=23 nrows=23 sparsity=1.0000 nnzs=529, refcount: 9>
  <dData2D:(temp array for extrapolation) n=529 m=1, refcount: 1>
refcount: 1>
Note: For starting DM, Qtot, Tr[D*S] =          8.00000000          7.98597482
No. of atoms with KB's overlaping orbs in proc 0. Max # of overlaps:       3      23

InitMesh: MESH = 108 x 108 x 108 = 1259712
InitMesh: Mesh cutoff (required, used) =   300.000   322.366 Ry
New grid distribution [1]: sub = 2
mkdir: no se puede crear el directorio «MD_steps»: El archivo ya existe
mkdir: no se puede crear el directorio «MD_steps/basis»: El archivo ya existe

        iscf     Eharris(eV)        E_KS(eV)     FreeEng(eV)     dDmax    Ef(eV) dHmax(eV)
   scf:    1     -466.134169     -466.006460     -466.006460  0.027082 -4.799089  0.208659
   scf:    2     -465.999522     -466.005374     -466.005374  0.011193 -4.922916  0.337736
   scf:    3     -466.009199     -466.008137     -466.008137  0.006759 -4.846532  0.023665
   scf:    4     -466.008181     -466.008161     -466.008161  0.000165 -4.846096  0.012975
   scf:    5     -466.008178     -466.008171     -466.008171  0.000203 -4.846245  0.004037
   scf:    6     -466.008172     -466.008171     -466.008171  0.000053 -4.846651  0.002906
   scf:    7     -466.008172     -466.008172     -466.008172  0.000099 -4.847436  0.000491

SCF Convergence by DM+H criterion
max |DM_out - DM_in|         :     0.0000992975
max |H_out - H_in|      (eV) :     0.0004908378
SCF cycle converged after 7 iterations

Using DM_out to compute the final energy and forces
No. of atoms with KB's overlaping orbs in proc 0. Max # of overlaps:       3      23

siesta: E_KS(eV) =             -466.0082
mkdir: no se puede crear el directorio «MD_steps/10»: El archivo ya existe

siesta: Atomic forces (eV/Ang):
----------------------------------------
   Tot    0.000000   -0.000883   -0.001965
----------------------------------------
   Max    2.819847
   Res    1.652130    sqrt( Sum f_i^2 / 3N )
----------------------------------------
   Max    2.819847    constrained

Stress tensor Voigt[x,y,z,yz,xz,xy] (kbar):       -0.00       -3.96       -2.49       -1.79        0.00       -0.00
(Free)E + p*V (eV/cell)     -464.6662
Target enthalpy (eV/cell)     -466.0082

siesta: Stress tensor (static) (eV/Ang**3):
        -0.000001   -0.000000    0.000000
        -0.000000   -0.002466   -0.001121
         0.000000   -0.001121   -0.001544

siesta: Pressure (static):          2.14195348  kBar

siesta: Stress tensor (total) (eV/Ang**3):
        -0.000001   -0.000000    0.000000
        -0.000000   -0.002469   -0.001115
         0.000000   -0.001115   -0.001556

siesta: Pressure (total):          2.15006386  kBar

siesta: Temp_ion =     432.507 K

                     ====================================
                        Begin MD step =     12
                     ====================================

outcell: Unit cell vectors (Ang):
       10.000000    0.000000    0.000000
        0.000000   10.000000    0.000000
        0.000000    0.000000   10.000000

outcell: Cell vector modules (Ang)   :   10.000000   10.000000   10.000000
outcell: Cell angles (23,13,12) (deg):     90.0000     90.0000     90.0000
outcell: Cell volume (Ang**3)        :   1000.0000
<dSpData1D:S at geom step 12
  <sparsity:sparsity for geom step 12
    nrows_g=23 nrows=23 sparsity=1.0000 nnzs=529, refcount: 7>
  <dData1D:(new from dSpData1D) n=529, refcount: 1>
refcount: 1>
new_DM -- step:    12
Re-using DM from previous geometries...
Number of DMs in history: 1
 DM extrapolation coefficients: 
1   1.00000
New DM after history re-use:
<dSpData2D:SpM extrapolated using coords
  <sparsity:sparsity for geom step 12
    nrows_g=23 nrows=23 sparsity=1.0000 nnzs=529, refcount: 9>
  <dData2D:(temp array for extrapolation) n=529 m=1, refcount: 1>
refcount: 1>
Note: For starting DM, Qtot, Tr[D*S] =          8.00000000          7.95495776
No. of atoms with KB's overlaping orbs in proc 0. Max # of overlaps:       3      23

InitMesh: MESH = 108 x 108 x 108 = 1259712
InitMesh: Mesh cutoff (required, used) =   300.000   322.366 Ry
New grid distribution [1]: sub = 2
mkdir: no se puede crear el directorio «MD_steps»: El archivo ya existe
mkdir: no se puede crear el directorio «MD_steps/basis»: El archivo ya existe

        iscf     Eharris(eV)        E_KS(eV)     FreeEng(eV)     dDmax    Ef(eV) dHmax(eV)
   scf:    1     -466.399379     -466.088689     -466.088689  0.070426 -4.479665  0.625228
   scf:    2     -466.011697     -466.072340     -466.072340  0.038114 -4.879190  1.105264
   scf:    3     -466.109893     -466.099823     -466.099823  0.024001 -4.625270  0.052543
   scf:    4     -466.100033     -466.099934     -466.099934  0.000434 -4.625285  0.029867
   scf:    5     -466.100026     -466.099989     -466.099989  0.000742 -4.627183  0.009540
   scf:    6     -466.099991     -466.099990     -466.099990  0.000178 -4.628393  0.006819
   scf:    7     -466.099991     -466.099991     -466.099991  0.000287 -4.630386  0.001593
   scf:    8     -466.099991     -466.099991     -466.099991  0.000029 -4.630621  0.000702

SCF Convergence by DM+H criterion
max |DM_out - DM_in|         :     0.0000289478
max |H_out - H_in|      (eV) :     0.0007020806
SCF cycle converged after 8 iterations

Using DM_out to compute the final energy and forces
No. of atoms with KB's overlaping orbs in proc 0. Max # of overlaps:       3      23

siesta: E_KS(eV) =             -466.1000
mkdir: no se puede crear el directorio «MD_steps/11»: El archivo ya existe

siesta: Atomic forces (eV/Ang):
----------------------------------------
   Tot    0.000000    0.001067   -0.002547
----------------------------------------
   Max    1.031604
   Res    0.540034    sqrt( Sum f_i^2 / 3N )
----------------------------------------
   Max    1.031604    constrained

Stress tensor Voigt[x,y,z,yz,xz,xy] (kbar):       -0.00       -0.46       -0.68        0.76       -0.00       -0.00
(Free)E + p*V (eV/cell)     -465.8625
Target enthalpy (eV/cell)     -466.1000

siesta: Stress tensor (static) (eV/Ang**3):
        -0.000001   -0.000000   -0.000000
        -0.000000   -0.000122    0.000574
        -0.000000    0.000574   -0.000366

siesta: Pressure (static):          0.26102072  kBar

siesta: Stress tensor (total) (eV/Ang**3):
        -0.000001   -0.000000   -0.000000
        -0.000000   -0.000285    0.000475
        -0.000000    0.000475   -0.000426

siesta: Pressure (total):          0.38044871  kBar

siesta: Temp_ion =     764.029 K

                     ====================================
                        Begin MD step =     13
                     ====================================

outcell: Unit cell vectors (Ang):
       10.000000    0.000000    0.000000
        0.000000   10.000000    0.000000
        0.000000    0.000000   10.000000

outcell: Cell vector modules (Ang)   :   10.000000   10.000000   10.000000
outcell: Cell angles (23,13,12) (deg):     90.0000     90.0000     90.0000
outcell: Cell volume (Ang**3)        :   1000.0000
<dSpData1D:S at geom step 13
  <sparsity:sparsity for geom step 13
    nrows_g=23 nrows=23 sparsity=1.0000 nnzs=529, refcount: 7>
  <dData1D:(new from dSpData1D) n=529, refcount: 1>
refcount: 1>
new_DM -- step:    13
Re-using DM from previous geometries...
Number of DMs in history: 1
 DM extrapolation coefficients: 
1   1.00000
New DM after history re-use:
<dSpData2D:SpM extrapolated using coords
  <sparsity:sparsity for geom step 13
    nrows_g=23 nrows=23 sparsity=1.0000 nnzs=529, refcount: 9>
  <dData2D:(temp array for extrapolation) n=529 m=1, refcount: 1>
refcount: 1>
Note: For starting DM, Qtot, Tr[D*S] =          8.00000000          7.95059264
No. of atoms with KB's overlaping orbs in proc 0. Max # of overlaps:       3      23

InitMesh: MESH = 108 x 108 x 108 = 1259712
InitMesh: Mesh cutoff (required, used) =   300.000   322.366 Ry
New grid distribution [1]: sub = 2
mkdir: no se puede crear el directorio «MD_steps»: El archivo ya existe
mkdir: no se puede crear el directorio «MD_steps/basis»: El archivo ya existe

        iscf     Eharris(eV)        E_KS(eV)     FreeEng(eV)     dDmax    Ef(eV) dHmax(eV)
   scf:    1     -466.286386     -465.996714     -465.996714  0.071963 -4.294588  0.699078
   scf:    2     -465.882133     -465.970250     -465.970250  0.046286 -4.749684  1.324049
   scf:    3     -466.023715     -466.009789     -466.009789  0.029995 -4.453464  0.048658
   scf:    4     -466.009980     -466.009891     -466.009891  0.000501 -4.453611  0.027864
   scf:    5     -466.009975     -466.009941     -466.009941  0.000859 -4.455888  0.009129
   scf:    6     -466.009943     -466.009942     -466.009942  0.000214 -4.457244  0.006555
   scf:    7     -466.009943     -466.009943     -466.009943  0.000310 -4.459286  0.001838
   scf:    8     -466.009943     -466.009943     -466.009943  0.000039 -4.459619  0.000738

SCF Convergence by DM+H criterion
max |DM_out - DM_in|         :     0.0000392602
max |H_out - H_in|      (eV) :     0.0007380009
SCF cycle converged after 8 iterations

Using DM_out to compute the final energy and forces
No. of atoms with KB's overlaping orbs in proc 0. Max # of overlaps:       3      23

siesta: E_KS(eV) =             -466.0099
mkdir: no se puede crear el directorio «MD_steps/12»: El archivo ya existe

siesta: Atomic forces (eV/Ang):
----------------------------------------
   Tot   -0.000000   -0.000025   -0.001467
----------------------------------------
   Max    2.461450
   Res    1.260605    sqrt( Sum f_i^2 / 3N )
----------------------------------------
   Max    2.461450    constrained

Stress tensor Voigt[x,y,z,yz,xz,xy] (kbar):       -0.00        2.56        0.70        2.18        0.00        0.00
(Free)E + p*V (eV/cell)     -466.6875
Target enthalpy (eV/cell)     -466.0099

siesta: Stress tensor (static) (eV/Ang**3):
        -0.000001    0.000000   -0.000000
         0.000000    0.001863    0.001538
         0.000000    0.001539    0.000566

siesta: Pressure (static):         -1.29651939  kBar

siesta: Stress tensor (total) (eV/Ang**3):
        -0.000001    0.000000   -0.000000
         0.000000    0.001596    0.001358
         0.000000    0.001358    0.000438

siesta: Pressure (total):         -1.08554824  kBar

siesta: Temp_ion =     466.700 K

                     ====================================
                        Begin MD step =     14
                     ====================================

outcell: Unit cell vectors (Ang):
       10.000000    0.000000    0.000000
        0.000000   10.000000    0.000000
        0.000000    0.000000   10.000000

outcell: Cell vector modules (Ang)   :   10.000000   10.000000   10.000000
outcell: Cell angles (23,13,12) (deg):     90.0000     90.0000     90.0000
outcell: Cell volume (Ang**3)        :   1000.0000
<dSpData1D:S at geom step 14
  <sparsity:sparsity for geom step 14
    nrows_g=23 nrows=23 sparsity=1.0000 nnzs=529, refcount: 7>
  <dData1D:(new from dSpData1D) n=529, refcount: 1>
refcount: 1>
new_DM -- step:    14
Re-using DM from previous geometries...
Number of DMs in history: 1
 DM extrapolation coefficients: 
1   1.00000
New DM after history re-use:
<dSpData2D:SpM extrapolated using coords
  <sparsity:sparsity for geom step 14
    nrows_g=23 nrows=23 sparsity=1.0000 nnzs=529, refcount: 9>
  <dData2D:(temp array for extrapolation) n=529 m=1, refcount: 1>
refcount: 1>
Note: For starting DM, Qtot, Tr[D*S] =          8.00000000          7.96576764
No. of atoms with KB's overlaping orbs in proc 0. Max # of overlaps:       3      23

InitMesh: MESH = 108 x 108 x 108 = 1259712
InitMesh: Mesh cutoff (required, used) =   300.000   322.366 Ry
New grid distribution [1]: sub = 2
mkdir: no se puede crear el directorio «MD_steps»: El archivo ya existe
mkdir: no se puede crear el directorio «MD_steps/basis»: El archivo ya existe

        iscf     Eharris(eV)        E_KS(eV)     FreeEng(eV)     dDmax    Ef(eV) dHmax(eV)
   scf:    1     -466.093589     -465.900528     -465.900528  0.049311 -4.259786  0.519573
   scf:    2     -465.831308     -465.883529     -465.883529  0.035652 -4.594618  1.023386
   scf:    3     -465.914715     -465.906811     -465.906811  0.023547 -4.372885  0.021399
   scf:    4     -465.906856     -465.906835     -465.906835  0.000385 -4.373272  0.014021
   scf:    5     -465.906857     -465.906848     -465.906848  0.000651 -4.374983  0.005198
   scf:    6     -465.906848     -465.906848     -465.906848  0.000147 -4.375866  0.003634
   scf:    7     -465.906848     -465.906848     -465.906848  0.000205 -4.377215  0.000853
   scf:    8     -465.906848     -465.906848     -465.906848  0.000019 -4.377417  0.000435

SCF Convergence by DM+H criterion
max |DM_out - DM_in|         :     0.0000192361
max |H_out - H_in|      (eV) :     0.0004348423
SCF cycle converged after 8 iterations

Using DM_out to compute the final energy and forces
No. of atoms with KB's overlaping orbs in proc 0. Max # of overlaps:       3      23

siesta: E_KS(eV) =             -465.9068
mkdir: no se puede crear el directorio «MD_steps/13»: El archivo ya existe

siesta: Atomic forces (eV/Ang):
----------------------------------------
   Tot    0.000000    0.000345   -0.002043
----------------------------------------
   Max    3.074851
   Res    1.586008    sqrt( Sum f_i^2 / 3N )
----------------------------------------
   Max    3.074851    constrained

Stress tensor Voigt[x,y,z,yz,xz,xy] (kbar):       -0.00        4.64        1.66        2.62       -0.00       -0.00
(Free)E + p*V (eV/cell)     -467.2168
Target enthalpy (eV/cell)     -465.9068

siesta: Stress tensor (static) (eV/Ang**3):
        -0.000001   -0.000000    0.000000
        -0.000000    0.003045    0.001730
        -0.000000    0.001730    0.001128

siesta: Pressure (static):         -2.22766149  kBar

siesta: Stress tensor (total) (eV/Ang**3):
        -0.000001   -0.000000    0.000000
        -0.000000    0.002896    0.001632
        -0.000000    0.001632    0.001035

siesta: Pressure (total):         -2.09879175  kBar

siesta: Temp_ion =      97.235 K

                     ====================================
                        Begin MD step =     15
                     ====================================

outcell: Unit cell vectors (Ang):
       10.000000    0.000000    0.000000
        0.000000   10.000000    0.000000
        0.000000    0.000000   10.000000

outcell: Cell vector modules (Ang)   :   10.000000   10.000000   10.000000
outcell: Cell angles (23,13,12) (deg):     90.0000     90.0000     90.0000
outcell: Cell volume (Ang**3)        :   1000.0000
<dSpData1D:S at geom step 15
  <sparsity:sparsity for geom step 15
    nrows_g=23 nrows=23 sparsity=1.0000 nnzs=529, refcount: 7>
  <dData1D:(new from dSpData1D) n=529, refcount: 1>
refcount: 1>
new_DM -- step:    15
Re-using DM from previous geometries...
Number of DMs in history: 1
 DM extrapolation coefficients: 
1   1.00000
New DM after history re-use:
<dSpData2D:SpM extrapolated using coords
  <sparsity:sparsity for geom step 15
    nrows_g=23 nrows=23 sparsity=1.0000 nnzs=529, refcount: 9>
  <dData2D:(temp array for extrapolation) n=529 m=1, refcount: 1>
refcount: 1>
Note: For starting DM, Qtot, Tr[D*S] =          8.00000000          7.99090148
No. of atoms with KB's overlaping orbs in proc 0. Max # of overlaps:       3      23

InitMesh: MESH = 108 x 108 x 108 = 1259712
InitMesh: Mesh cutoff (required, used) =   300.000   322.366 Ry
New grid distribution [1]: sub = 2
mkdir: no se puede crear el directorio «MD_steps»: El archivo ya existe
mkdir: no se puede crear el directorio «MD_steps/basis»: El archivo ya existe

        iscf     Eharris(eV)        E_KS(eV)     FreeEng(eV)     dDmax    Ef(eV) dHmax(eV)
   scf:    1     -465.968750     -465.910578     -465.910578  0.014172 -4.332329  0.159469
   scf:    2     -465.904465     -465.909178     -465.909178  0.010604 -4.429189  0.306091
   scf:    3     -465.912022     -465.911303     -465.911303  0.006964 -4.365127  0.014818
   scf:    4     -465.911318     -465.911311     -465.911311  0.000117 -4.364997  0.008248
   scf:    5     -465.911317     -465.911314     -465.911314  0.000145 -4.365090  0.001644
   scf:    6     -465.911314     -465.911314     -465.911314  0.000024 -4.365238  0.001173
   scf:    7     -465.911315     -465.911314     -465.911314  0.000047 -4.365546  0.000174

SCF Convergence by DM+H criterion
max |DM_out - DM_in|         :     0.0000472023
max |H_out - H_in|      (eV) :     0.0001737044
SCF cycle converged after 7 iterations

Using DM_out to compute the final energy and forces
No. of atoms with KB's overlaping orbs in proc 0. Max # of overlaps:       3      23

siesta: E_KS(eV) =             -465.9113
mkdir: no se puede crear el directorio «MD_steps/14»: El archivo ya existe

siesta: Atomic forces (eV/Ang):
----------------------------------------
   Tot   -0.000000    0.000413   -0.002488
----------------------------------------
   Max    2.974982
   Res    1.540939    sqrt( Sum f_i^2 / 3N )
----------------------------------------
   Max    2.974982    constrained

Stress tensor Voigt[x,y,z,yz,xz,xy] (kbar):       -0.00        5.30        2.07        2.26        0.00       -0.00
(Free)E + p*V (eV/cell)     -467.4446
Target enthalpy (eV/cell)     -465.9113

siesta: Stress tensor (static) (eV/Ang**3):
        -0.000001   -0.000000   -0.000000
        -0.000000    0.003326    0.001413
         0.000000    0.001413    0.001325

siesta: Pressure (static):         -2.48347285  kBar

siesta: Stress tensor (total) (eV/Ang**3):
        -0.000001   -0.000000   -0.000000
        -0.000000    0.003308    0.001411
         0.000000    0.001411    0.001293

siesta: Pressure (total):         -2.45662332  kBar

siesta: Temp_ion =     114.460 K

                     ====================================
                        Begin MD step =     16
                     ====================================

outcell: Unit cell vectors (Ang):
       10.000000    0.000000    0.000000
        0.000000   10.000000    0.000000
        0.000000    0.000000   10.000000

outcell: Cell vector modules (Ang)   :   10.000000   10.000000   10.000000
outcell: Cell angles (23,13,12) (deg):     90.0000     90.0000     90.0000
outcell: Cell volume (Ang**3)        :   1000.0000
<dSpData1D:S at geom step 16
  <sparsity:sparsity for geom step 16
    nrows_g=23 nrows=23 sparsity=1.0000 nnzs=529, refcount: 7>
  <dData1D:(new from dSpData1D) n=529, refcount: 1>
refcount: 1>
new_DM -- step:    16
Re-using DM from previous geometries...
Number of DMs in history: 1
 DM extrapolation coefficients: 
1   1.00000
New DM after history re-use:
<dSpData2D:SpM extrapolated using coords
  <sparsity:sparsity for geom step 16
    nrows_g=23 nrows=23 sparsity=1.0000 nnzs=529, refcount: 9>
  <dData2D:(temp array for extrapolation) n=529 m=1, refcount: 1>
refcount: 1>
Note: For starting DM, Qtot, Tr[D*S] =          8.00000000          8.01856846
No. of atoms with KB's overlaping orbs in proc 0. Max # of overlaps:       3      23

InitMesh: MESH = 108 x 108 x 108 = 1259712
InitMesh: Mesh cutoff (required, used) =   300.000   322.366 Ry
New grid distribution [1]: sub = 2
mkdir: no se puede crear el directorio «MD_steps»: El archivo ya existe
mkdir: no se puede crear el directorio «MD_steps/basis»: El archivo ya existe

        iscf     Eharris(eV)        E_KS(eV)     FreeEng(eV)     dDmax    Ef(eV) dHmax(eV)
   scf:    1     -465.897945     -466.018412     -466.018412  0.029321 -4.496685  0.272984
   scf:    2     -465.999247     -466.014705     -466.014705  0.017584 -4.328671  0.521626
   scf:    3     -466.024339     -466.021852     -466.021852  0.011291 -4.437284  0.035783
   scf:    4     -466.021952     -466.021905     -466.021905  0.000306 -4.437662  0.018964
   scf:    5     -466.021940     -466.021926     -466.021926  0.000282 -4.437541  0.005163
   scf:    6     -466.021927     -466.021927     -466.021927  0.000069 -4.437106  0.003669
   scf:    7     -466.021927     -466.021927     -466.021927  0.000157 -4.436009  0.000363
   scf:    8     -466.021927     -466.021927     -466.021927  0.000005 -4.435962  0.000231

SCF Convergence by DM+H criterion
max |DM_out - DM_in|         :     0.0000048572
max |H_out - H_in|      (eV) :     0.0002306981
SCF cycle converged after 8 iterations

Using DM_out to compute the final energy and forces
No. of atoms with KB's overlaping orbs in proc 0. Max # of overlaps:       3      23

siesta: E_KS(eV) =             -466.0219
mkdir: no se puede crear el directorio «MD_steps/15»: El archivo ya existe

siesta: Atomic forces (eV/Ang):
----------------------------------------
   Tot   -0.000000    0.001943   -0.002113
----------------------------------------
   Max    2.052010
   Res    1.107070    sqrt( Sum f_i^2 / 3N )
----------------------------------------
   Max    2.052010    constrained

Stress tensor Voigt[x,y,z,yz,xz,xy] (kbar):       -0.00        4.06        1.69        1.09        0.00       -0.00
(Free)E + p*V (eV/cell)     -467.2188
Target enthalpy (eV/cell)     -466.0219

siesta: Stress tensor (static) (eV/Ang**3):
        -0.000001   -0.000000    0.000000
        -0.000000    0.002578    0.000690
         0.000000    0.000690    0.001073

siesta: Pressure (static):         -1.94926659  kBar

siesta: Stress tensor (total) (eV/Ang**3):
        -0.000001   -0.000000    0.000000
        -0.000000    0.002535    0.000682
         0.000000    0.000682    0.001056

siesta: Pressure (total):         -1.91766077  kBar

siesta: Temp_ion =     510.123 K

                     ====================================
                        Begin MD step =     17
                     ====================================

outcell: Unit cell vectors (Ang):
       10.000000    0.000000    0.000000
        0.000000   10.000000    0.000000
        0.000000    0.000000   10.000000

outcell: Cell vector modules (Ang)   :   10.000000   10.000000   10.000000
outcell: Cell angles (23,13,12) (deg):     90.0000     90.0000     90.0000
outcell: Cell volume (Ang**3)        :   1000.0000
<dSpData1D:S at geom step 17
  <sparsity:sparsity for geom step 17
    nrows_g=23 nrows=23 sparsity=1.0000 nnzs=529, refcount: 7>
  <dData1D:(new from dSpData1D) n=529, refcount: 1>
refcount: 1>
new_DM -- step:    17
Re-using DM from previous geometries...
Number of DMs in history: 1
 DM extrapolation coefficients: 
1   1.00000
New DM after history re-use:
<dSpData2D:SpM extrapolated using coords
  <sparsity:sparsity for geom step 17
    nrows_g=23 nrows=23 sparsity=1.0000 nnzs=529, refcount: 9>
  <dData2D:(temp array for extrapolation) n=529 m=1, refcount: 1>
refcount: 1>
Note: For starting DM, Qtot, Tr[D*S] =          8.00000000          8.04025136
No. of atoms with KB's overlaping orbs in proc 0. Max # of overlaps:       3      23

InitMesh: MESH = 108 x 108 x 108 = 1259712
InitMesh: Mesh cutoff (required, used) =   300.000   322.366 Ry
New grid distribution [1]: sub = 2
mkdir: no se puede crear el directorio «MD_steps»: El archivo ya existe
mkdir: no se puede crear el directorio «MD_steps/basis»: El archivo ya existe

        iscf     Eharris(eV)        E_KS(eV)     FreeEng(eV)     dDmax    Ef(eV) dHmax(eV)
   scf:    1     -465.790678     -466.098189     -466.098189  0.063183 -4.765588  0.609026
   scf:    2     -466.018460     -466.080451     -466.080451  0.036228 -4.397062  1.108466
   scf:    3     -466.118191     -466.108468     -466.108468  0.022962 -4.634027  0.048860
   scf:    4     -466.108674     -466.108578     -466.108578  0.000506 -4.633149  0.026754
   scf:    5     -466.108662     -466.108629     -466.108629  0.000724 -4.631622  0.008999
   scf:    6     -466.108630     -466.108630     -466.108630  0.000119 -4.630868  0.006474
   scf:    7     -466.108631     -466.108630     -466.108630  0.000295 -4.628672  0.000542
   scf:    8     -466.108630     -466.108630     -466.108630  0.000009 -4.628540  0.000356

SCF Convergence by DM+H criterion
max |DM_out - DM_in|         :     0.0000089777
max |H_out - H_in|      (eV) :     0.0003559816
SCF cycle converged after 8 iterations

Using DM_out to compute the final energy and forces
No. of atoms with KB's overlaping orbs in proc 0. Max # of overlaps:       3      23

siesta: E_KS(eV) =             -466.1086
mkdir: no se puede crear el directorio «MD_steps/16»: El archivo ya existe

siesta: Atomic forces (eV/Ang):
----------------------------------------
   Tot    0.000000   -0.000242   -0.002037
----------------------------------------
   Max    0.834412
   Res    0.442361    sqrt( Sum f_i^2 / 3N )
----------------------------------------
   Max    0.834412    constrained

Stress tensor Voigt[x,y,z,yz,xz,xy] (kbar):       -0.00        0.76        0.27       -0.93        0.00       -0.00
(Free)E + p*V (eV/cell)     -466.3210
Target enthalpy (eV/cell)     -466.1086

siesta: Stress tensor (static) (eV/Ang**3):
        -0.000001    0.000000    0.000000
        -0.000000    0.000684   -0.000477
         0.000000   -0.000477    0.000219

siesta: Pressure (static):         -0.48119226  kBar

siesta: Stress tensor (total) (eV/Ang**3):
        -0.000001    0.000000    0.000000
        -0.000000    0.000472   -0.000579
         0.000000   -0.000579    0.000167

siesta: Pressure (total):         -0.34033202  kBar

siesta: Temp_ion =     795.402 K

                     ====================================
                        Begin MD step =     18
                     ====================================

outcell: Unit cell vectors (Ang):
       10.000000    0.000000    0.000000
        0.000000   10.000000    0.000000
        0.000000    0.000000   10.000000

outcell: Cell vector modules (Ang)   :   10.000000   10.000000   10.000000
outcell: Cell angles (23,13,12) (deg):     90.0000     90.0000     90.0000
outcell: Cell volume (Ang**3)        :   1000.0000
<dSpData1D:S at geom step 18
  <sparsity:sparsity for geom step 18
    nrows_g=23 nrows=23 sparsity=1.0000 nnzs=529, refcount: 7>
  <dData1D:(new from dSpData1D) n=529, refcount: 1>
refcount: 1>
new_DM -- step:    18
Re-using DM from previous geometries...
Number of DMs in history: 1
 DM extrapolation coefficients: 
1   1.00000
New DM after history re-use:
<dSpData2D:SpM extrapolated using coords
  <sparsity:sparsity for geom step 18
    nrows_g=23 nrows=23 sparsity=1.0000 nnzs=529, refcount: 9>
  <dData2D:(temp array for extrapolation) n=529 m=1, refcount: 1>
refcount: 1>
Note: For starting DM, Qtot, Tr[D*S] =          8.00000000          8.04441561
No. of atoms with KB's overlaping orbs in proc 0. Max # of overlaps:       3      23

InitMesh: MESH = 108 x 108 x 108 = 1259712
InitMesh: Mesh cutoff (required, used) =   300.000   322.366 Ry
New grid distribution [1]: sub = 2
mkdir: no se puede crear el directorio «MD_steps»: El archivo ya existe
mkdir: no se puede crear el directorio «MD_steps/basis»: El archivo ya existe

        iscf     Eharris(eV)        E_KS(eV)     FreeEng(eV)     dDmax    Ef(eV) dHmax(eV)
   scf:    1     -465.612873     -466.001580     -466.001580  0.075514 -5.064073  0.691047
   scf:    2     -465.913840     -465.981753     -465.981753  0.037108 -4.648173  1.185730
   scf:    3     -466.023141     -466.012254     -466.012254  0.023056 -4.911723  0.039356
   scf:    4     -466.012390     -466.012325     -466.012325  0.000575 -4.909862  0.023890
   scf:    5     -466.012393     -466.012365     -466.012365  0.000862 -4.906977  0.009188
   scf:    6     -466.012367     -466.012366     -466.012366  0.000126 -4.906104  0.006581
   scf:    7     -466.012367     -466.012367     -466.012367  0.000267 -4.903879  0.000747
   scf:    8     -466.012367     -466.012367     -466.012367  0.000015 -4.903665  0.000445

SCF Convergence by DM+H criterion
max |DM_out - DM_in|         :     0.0000152393
max |H_out - H_in|      (eV) :     0.0004450105
SCF cycle converged after 8 iterations

Using DM_out to compute the final energy and forces
No. of atoms with KB's overlaping orbs in proc 0. Max # of overlaps:       3      23

siesta: E_KS(eV) =             -466.0124
mkdir: no se puede crear el directorio «MD_steps/17»: El archivo ya existe

siesta: Atomic forces (eV/Ang):
----------------------------------------
   Tot   -0.000000    0.000026   -0.003591
----------------------------------------
   Max    3.102380
   Res    1.736197    sqrt( Sum f_i^2 / 3N )
----------------------------------------
   Max    3.102380    constrained

Stress tensor Voigt[x,y,z,yz,xz,xy] (kbar):       -0.00       -3.63       -1.94       -3.17       -0.00       -0.00
(Free)E + p*V (eV/cell)     -464.8551
Target enthalpy (eV/cell)     -466.0124

siesta: Stress tensor (static) (eV/Ang**3):
        -0.000001   -0.000000   -0.000000
        -0.000000   -0.001928   -0.001818
        -0.000000   -0.001818   -0.001132

siesta: Pressure (static):          1.63448733  kBar

siesta: Stress tensor (total) (eV/Ang**3):
        -0.000001   -0.000000   -0.000000
        -0.000000   -0.002263   -0.001976
        -0.000000   -0.001976   -0.001208

siesta: Pressure (total):          1.85412147  kBar

siesta: Temp_ion =     458.548 K

                     ====================================
                        Begin MD step =     19
                     ====================================

outcell: Unit cell vectors (Ang):
       10.000000    0.000000    0.000000
        0.000000   10.000000    0.000000
        0.000000    0.000000   10.000000

outcell: Cell vector modules (Ang)   :   10.000000   10.000000   10.000000
outcell: Cell angles (23,13,12) (deg):     90.0000     90.0000     90.0000
outcell: Cell volume (Ang**3)        :   1000.0000
<dSpData1D:S at geom step 19
  <sparsity:sparsity for geom step 19
    nrows_g=23 nrows=23 sparsity=1.0000 nnzs=529, refcount: 7>
  <dData1D:(new from dSpData1D) n=529, refcount: 1>
refcount: 1>
new_DM -- step:    19
Re-using DM from previous geometries...
Number of DMs in history: 1
 DM extrapolation coefficients: 
1   1.00000
New DM after history re-use:
<dSpData2D:SpM extrapolated using coords
  <sparsity:sparsity for geom step 19
    nrows_g=23 nrows=23 sparsity=1.0000 nnzs=529, refcount: 9>
  <dData2D:(temp array for extrapolation) n=529 m=1, refcount: 1>
refcount: 1>
Note: For starting DM, Qtot, Tr[D*S] =          8.00000000          8.02202046
No. of atoms with KB's overlaping orbs in proc 0. Max # of overlaps:       3      23

InitMesh: MESH = 108 x 108 x 108 = 1259712
InitMesh: Mesh cutoff (required, used) =   300.000   322.366 Ry
New grid distribution [1]: sub = 2
mkdir: no se puede crear el directorio «MD_steps»: El archivo ya existe
mkdir: no se puede crear el directorio «MD_steps/basis»: El archivo ya existe

        iscf     Eharris(eV)        E_KS(eV)     FreeEng(eV)     dDmax    Ef(eV) dHmax(eV)
   scf:    1     -465.679827     -465.899502     -465.899502  0.044686 -5.170731  0.346651
   scf:    2     -465.879734     -465.894978     -465.894978  0.017250 -4.965822  0.564526
   scf:    3     -465.904275     -465.901793     -465.901793  0.010673 -5.094794  0.015254
   scf:    4     -465.901812     -465.901803     -465.901803  0.000286 -5.093706  0.010563
   scf:    5     -465.901818     -465.901811     -465.901811  0.000582 -5.091207  0.002553
   scf:    6     -465.901812     -465.901811     -465.901811  0.000043 -5.090750  0.001535
   scf:    7     -465.901812     -465.901812     -465.901812  0.000070 -5.089955  0.000393

SCF Convergence by DM+H criterion
max |DM_out - DM_in|         :     0.0000698043
max |H_out - H_in|      (eV) :     0.0003934197
SCF cycle converged after 7 iterations

Using DM_out to compute the final energy and forces
No. of atoms with KB's overlaping orbs in proc 0. Max # of overlaps:       3      23

siesta: E_KS(eV) =             -465.9018
mkdir: no se puede crear el directorio «MD_steps/18»: El archivo ya existe

siesta: Atomic forces (eV/Ang):
----------------------------------------
   Tot    0.000000   -0.000087   -0.004010
----------------------------------------
   Max    4.373095
   Res    2.474768    sqrt( Sum f_i^2 / 3N )
----------------------------------------
   Max    4.373095    constrained

Stress tensor Voigt[x,y,z,yz,xz,xy] (kbar):       -0.00       -6.00       -3.18       -3.51        0.00       -0.00
(Free)E + p*V (eV/cell)     -463.9906
Target enthalpy (eV/cell)     -465.9018

siesta: Stress tensor (static) (eV/Ang**3):
        -0.000001    0.000000    0.000000
        -0.000000   -0.003535   -0.002128
         0.000000   -0.002128   -0.001960

siesta: Pressure (static):          2.93547725  kBar

siesta: Stress tensor (total) (eV/Ang**3):
        -0.000001    0.000000    0.000000
        -0.000000   -0.003748   -0.002191
         0.000000   -0.002191   -0.001985

siesta: Pressure (total):          3.06209594  kBar

siesta: Temp_ion =     108.709 K

                     ====================================
                        Begin MD step =     20
                     ====================================

outcell: Unit cell vectors (Ang):
       10.000000    0.000000    0.000000
        0.000000   10.000000    0.000000
        0.000000    0.000000   10.000000

outcell: Cell vector modules (Ang)   :   10.000000   10.000000   10.000000
outcell: Cell angles (23,13,12) (deg):     90.0000     90.0000     90.0000
outcell: Cell volume (Ang**3)        :   1000.0000
<dSpData1D:S at geom step 20
  <sparsity:sparsity for geom step 20
    nrows_g=23 nrows=23 sparsity=1.0000 nnzs=529, refcount: 7>
  <dData1D:(new from dSpData1D) n=529, refcount: 1>
refcount: 1>
new_DM -- step:    20
Re-using DM from previous geometries...
Number of DMs in history: 1
 DM extrapolation coefficients: 
1   1.00000
New DM after history re-use:
<dSpData2D:SpM extrapolated using coords
  <sparsity:sparsity for geom step 20
    nrows_g=23 nrows=23 sparsity=1.0000 nnzs=529, refcount: 9>
  <dData2D:(temp array for extrapolation) n=529 m=1, refcount: 1>
refcount: 1>
Note: For starting DM, Qtot, Tr[D*S] =          8.00000000          7.98306066
No. of atoms with KB's overlaping orbs in proc 0. Max # of overlaps:       3      23

InitMesh: MESH = 108 x 108 x 108 = 1259712
InitMesh: Mesh cutoff (required, used) =   300.000   322.366 Ry
New grid distribution [1]: sub = 2
mkdir: no se puede crear el directorio «MD_steps»: El archivo ya existe
mkdir: no se puede crear el directorio «MD_steps/basis»: El archivo ya existe

        iscf     Eharris(eV)        E_KS(eV)     FreeEng(eV)     dDmax    Ef(eV) dHmax(eV)
   scf:    1     -466.125257     -466.014142     -466.014142  0.027202 -5.001894  0.283917
   scf:    2     -466.000088     -466.011796     -466.011796  0.015330 -5.179909  0.477507
   scf:    3     -466.019361     -466.017281     -466.017281  0.009404 -5.069732  0.033877
   scf:    4     -466.017361     -466.017323     -466.017323  0.000233 -5.069262  0.018795
   scf:    5     -466.017356     -466.017344     -466.017344  0.000270 -5.069431  0.003688
   scf:    6     -466.017345     -466.017345     -466.017345  0.000048 -5.069804  0.002657
   scf:    7     -466.017345     -466.017345     -466.017345  0.000082 -5.070410  0.000625

SCF Convergence by DM+H criterion
max |DM_out - DM_in|         :     0.0000822851
max |H_out - H_in|      (eV) :     0.0006247706
SCF cycle converged after 7 iterations

Using DM_out to compute the final energy and forces
No. of atoms with KB's overlaping orbs in proc 0. Max # of overlaps:       3      23

siesta: E_KS(eV) =             -466.0173
mkdir: no se puede crear el directorio «MD_steps/19»: El archivo ya existe

siesta: Atomic forces (eV/Ang):
----------------------------------------
   Tot    0.000000    0.001664   -0.003398
----------------------------------------
   Max    2.520524
   Res    1.395415    sqrt( Sum f_i^2 / 3N )
----------------------------------------
   Max    2.520524    constrained

Stress tensor Voigt[x,y,z,yz,xz,xy] (kbar):       -0.00       -4.61       -2.14       -1.15       -0.00        0.00
(Free)E + p*V (eV/cell)     -464.6123
Target enthalpy (eV/cell)     -466.0173

siesta: Stress tensor (static) (eV/Ang**3):
        -0.000001    0.000000    0.000000
         0.000000   -0.002837   -0.000723
        -0.000000   -0.000722   -0.001321

siesta: Pressure (static):          2.22106938  kBar

siesta: Stress tensor (total) (eV/Ang**3):
        -0.000001    0.000000    0.000000
         0.000000   -0.002878   -0.000717
        -0.000000   -0.000717   -0.001336

siesta: Pressure (total):          2.25108711  kBar

siesta: Temp_ion =     467.749 K

                     ====================================
                        Begin MD step =     21
                     ====================================

outcell: Unit cell vectors (Ang):
       10.000000    0.000000    0.000000
        0.000000   10.000000    0.000000
        0.000000    0.000000   10.000000

outcell: Cell vector modules (Ang)   :   10.000000   10.000000   10.000000
outcell: Cell angles (23,13,12) (deg):     90.0000     90.0000     90.0000
outcell: Cell volume (Ang**3)        :   1000.0000
<dSpData1D:S at geom step 21
  <sparsity:sparsity for geom step 21
    nrows_g=23 nrows=23 sparsity=1.0000 nnzs=529, refcount: 7>
  <dData1D:(new from dSpData1D) n=529, refcount: 1>
refcount: 1>
new_DM -- step:    21
Re-using DM from previous geometries...
Number of DMs in history: 1
 DM extrapolation coefficients: 
1   1.00000
New DM after history re-use:
<dSpData2D:SpM extrapolated using coords
  <sparsity:sparsity for geom step 21
    nrows_g=23 nrows=23 sparsity=1.0000 nnzs=529, refcount: 9>
  <dData2D:(temp array for extrapolation) n=529 m=1, refcount: 1>
refcount: 1>
Note: For starting DM, Qtot, Tr[D*S] =          8.00000000          7.95534306
No. of atoms with KB's overlaping orbs in proc 0. Max # of overlaps:       3      23

InitMesh: MESH = 108 x 108 x 108 = 1259712
InitMesh: Mesh cutoff (required, used) =   300.000   322.366 Ry
New grid distribution [1]: sub = 2
mkdir: no se puede crear el directorio «MD_steps»: El archivo ya existe
mkdir: no se puede crear el directorio «MD_steps/basis»: El archivo ya existe

        iscf     Eharris(eV)        E_KS(eV)     FreeEng(eV)     dDmax    Ef(eV) dHmax(eV)
   scf:    1     -466.375684     -466.071623     -466.071623  0.067883 -4.769654  0.677564
   scf:    2     -465.972736     -466.049901     -466.049901  0.040643 -5.204013  1.235882
   scf:    3     -466.097310     -466.084725     -466.084725  0.025959 -4.925740  0.055939
   scf:    4     -466.084948     -466.084844     -466.084844  0.000380 -4.925813  0.031908
   scf:    5     -466.084938     -466.084900     -466.084900  0.000672 -4.927841  0.008747
   scf:    6     -466.084902     -466.084901     -466.084901  0.000170 -4.929037  0.006336
   scf:    7     -466.084903     -466.084902     -466.084902  0.000265 -4.930893  0.001781
   scf:    8     -466.084902     -466.084902     -466.084902  0.000036 -4.931171  0.000713

SCF Convergence by DM+H criterion
max |DM_out - DM_in|         :     0.0000359282
max |H_out - H_in|      (eV) :     0.0007127368
SCF cycle converged after 8 iterations

Using DM_out to compute the final energy and forces
No. of atoms with KB's overlaping orbs in proc 0. Max # of overlaps:       3      23

siesta: E_KS(eV) =             -466.0849
mkdir: no se puede crear el directorio «MD_steps/20»: El archivo ya existe

siesta: Atomic forces (eV/Ang):
----------------------------------------
   Tot    0.000000   -0.000592   -0.003112
----------------------------------------
   Max    1.534161
   Res    0.751683    sqrt( Sum f_i^2 / 3N )
----------------------------------------
   Max    1.534161    constrained

Stress tensor Voigt[x,y,z,yz,xz,xy] (kbar):       -0.00       -1.71       -0.19        1.26        0.00        0.00
(Free)E + p*V (eV/cell)     -465.6892
Target enthalpy (eV/cell)     -466.0849

siesta: Stress tensor (static) (eV/Ang**3):
        -0.000001    0.000000    0.000000
         0.000000   -0.000962    0.000905
         0.000000    0.000905    0.000017

siesta: Pressure (static):          0.50488066  kBar

siesta: Stress tensor (total) (eV/Ang**3):
        -0.000001    0.000000    0.000000
         0.000000   -0.001065    0.000788
         0.000000    0.000789   -0.000121

siesta: Pressure (total):          0.63404007  kBar

siesta: Temp_ion =     716.878 K

                     ====================================
                        Begin MD step =     22
                     ====================================

outcell: Unit cell vectors (Ang):
       10.000000    0.000000    0.000000
        0.000000   10.000000    0.000000
        0.000000    0.000000   10.000000

outcell: Cell vector modules (Ang)   :   10.000000   10.000000   10.000000
outcell: Cell angles (23,13,12) (deg):     90.0000     90.0000     90.0000
outcell: Cell volume (Ang**3)        :   1000.0000
<dSpData1D:S at geom step 22
  <sparsity:sparsity for geom step 22
    nrows_g=23 nrows=23 sparsity=1.0000 nnzs=529, refcount: 7>
  <dData1D:(new from dSpData1D) n=529, refcount: 1>
refcount: 1>
new_DM -- step:    22
Re-using DM from previous geometries...
Number of DMs in history: 1
 DM extrapolation coefficients: 
1   1.00000
New DM after history re-use:
<dSpData2D:SpM extrapolated using coords
  <sparsity:sparsity for geom step 22
    nrows_g=23 nrows=23 sparsity=1.0000 nnzs=529, refcount: 9>
  <dData2D:(temp array for extrapolation) n=529 m=1, refcount: 1>
refcount: 1>
Note: For starting DM, Qtot, Tr[D*S] =          8.00000000          7.95063645
No. of atoms with KB's overlaping orbs in proc 0. Max # of overlaps:       3      23

InitMesh: MESH = 108 x 108 x 108 = 1259712
InitMesh: Mesh cutoff (required, used) =   300.000   322.366 Ry
New grid distribution [1]: sub = 2
mkdir: no se puede crear el directorio «MD_steps»: El archivo ya existe
mkdir: no se puede crear el directorio «MD_steps/basis»: El archivo ya existe

        iscf     Eharris(eV)        E_KS(eV)     FreeEng(eV)     dDmax    Ef(eV) dHmax(eV)
   scf:    1     -466.307580     -465.993240     -465.993240  0.072366 -4.622541  0.761909
   scf:    2     -465.847280     -465.958343     -465.958343  0.049246 -5.107565  1.475884
   scf:    3     -466.025154     -466.007962     -466.007962  0.032371 -4.788581  0.043465
   scf:    4     -466.008121     -466.008046     -466.008046  0.000509 -4.788716  0.024975
   scf:    5     -466.008118     -466.008089     -466.008089  0.000875 -4.791077  0.008620
   scf:    6     -466.008091     -466.008090     -466.008090  0.000233 -4.792531  0.006247
   scf:    7     -466.008091     -466.008091     -466.008091  0.000309 -4.794562  0.002017
   scf:    8     -466.008091     -466.008091     -466.008091  0.000049 -4.794972  0.000812

SCF Convergence by DM+H criterion
max |DM_out - DM_in|         :     0.0000485737
max |H_out - H_in|      (eV) :     0.0008122568
SCF cycle converged after 8 iterations

Using DM_out to compute the final energy and forces
No. of atoms with KB's overlaping orbs in proc 0. Max # of overlaps:       3      23

siesta: E_KS(eV) =             -466.0081
mkdir: no se puede crear el directorio «MD_steps/21»: El archivo ya existe

siesta: Atomic forces (eV/Ang):
----------------------------------------
   Tot   -0.000000    0.000137   -0.002337
----------------------------------------
   Max    2.456547
   Res    1.335121    sqrt( Sum f_i^2 / 3N )
----------------------------------------
   Max    2.456547    constrained

Stress tensor Voigt[x,y,z,yz,xz,xy] (kbar):       -0.00        1.09        1.61        2.36       -0.00       -0.00
(Free)E + p*V (eV/cell)     -466.5694
Target enthalpy (eV/cell)     -466.0081

siesta: Stress tensor (static) (eV/Ang**3):
        -0.000001    0.000000   -0.000000
        -0.000000    0.000856    0.001646
        -0.000000    0.001646    0.001200

siesta: Pressure (static):         -1.09721473  kBar

siesta: Stress tensor (total) (eV/Ang**3):
        -0.000001    0.000000   -0.000000
        -0.000000    0.000678    0.001470
        -0.000000    0.001470    0.001008

siesta: Pressure (total):         -0.89926324  kBar

siesta: Temp_ion =     458.134 K

                     ====================================
                        Begin MD step =     23
                     ====================================

outcell: Unit cell vectors (Ang):
       10.000000    0.000000    0.000000
        0.000000   10.000000    0.000000
        0.000000    0.000000   10.000000

outcell: Cell vector modules (Ang)   :   10.000000   10.000000   10.000000
outcell: Cell angles (23,13,12) (deg):     90.0000     90.0000     90.0000
outcell: Cell volume (Ang**3)        :   1000.0000
<dSpData1D:S at geom step 23
  <sparsity:sparsity for geom step 23
    nrows_g=23 nrows=23 sparsity=1.0000 nnzs=529, refcount: 7>
  <dData1D:(new from dSpData1D) n=529, refcount: 1>
refcount: 1>
new_DM -- step:    23
Re-using DM from previous geometries...
Number of DMs in history: 1
 DM extrapolation coefficients: 
1   1.00000
New DM after history re-use:
<dSpData2D:SpM extrapolated using coords
  <sparsity:sparsity for geom step 23
    nrows_g=23 nrows=23 sparsity=1.0000 nnzs=529, refcount: 9>
  <dData2D:(temp array for extrapolation) n=529 m=1, refcount: 1>
refcount: 1>
Note: For starting DM, Qtot, Tr[D*S] =          8.00000000          7.96434748
No. of atoms with KB's overlaping orbs in proc 0. Max # of overlaps:       3      23

InitMesh: MESH = 108 x 108 x 108 = 1259712
InitMesh: Mesh cutoff (required, used) =   300.000   322.366 Ry
New grid distribution [1]: sub = 2
mkdir: no se puede crear el directorio «MD_steps»: El archivo ya existe
mkdir: no se puede crear el directorio «MD_steps/basis»: El archivo ya existe

        iscf     Eharris(eV)        E_KS(eV)     FreeEng(eV)     dDmax    Ef(eV) dHmax(eV)
   scf:    1     -466.139961     -465.909026     -465.909026  0.052598 -4.582416  0.568618
   scf:    2     -465.820020     -465.886701     -465.886701  0.038403 -4.937350  1.146204
   scf:    3     -465.926275     -465.916369     -465.916369  0.025680 -4.699616  0.019044
   scf:    4     -465.916402     -465.916386     -465.916386  0.000448 -4.699824  0.011829
   scf:    5     -465.916405     -465.916397     -465.916397  0.000776 -4.701507  0.005089
   scf:    6     -465.916398     -465.916398     -465.916398  0.000201 -4.702618  0.003304
   scf:    7     -465.916398     -465.916398     -465.916398  0.000196 -4.703946  0.001046
   scf:    8     -465.916398     -465.916398     -465.916398  0.000024 -4.704233  0.000720

SCF Convergence by DM+H criterion
max |DM_out - DM_in|         :     0.0000242687
max |H_out - H_in|      (eV) :     0.0007201752
SCF cycle converged after 8 iterations

Using DM_out to compute the final energy and forces
No. of atoms with KB's overlaping orbs in proc 0. Max # of overlaps:       3      23

siesta: E_KS(eV) =             -465.9164
mkdir: no se puede crear el directorio «MD_steps/22»: El archivo ya existe

siesta: Atomic forces (eV/Ang):
----------------------------------------
   Tot   -0.000000   -0.000633   -0.001459
----------------------------------------
   Max    2.757730
   Res    1.639756    sqrt( Sum f_i^2 / 3N )
----------------------------------------
   Max    2.757730    constrained

Stress tensor Voigt[x,y,z,yz,xz,xy] (kbar):       -0.00        3.21        2.95        2.46       -0.00       -0.00
(Free)E + p*V (eV/cell)     -467.1979
Target enthalpy (eV/cell)     -465.9164

siesta: Stress tensor (static) (eV/Ang**3):
        -0.000001   -0.000000   -0.000000
        -0.000000    0.002127    0.001610
        -0.000000    0.001610    0.001956

siesta: Pressure (static):         -2.17977443  kBar

siesta: Stress tensor (total) (eV/Ang**3):
        -0.000001   -0.000000   -0.000000
        -0.000000    0.002002    0.001533
        -0.000000    0.001533    0.001844

siesta: Pressure (total):         -2.05326988  kBar

siesta: Temp_ion =     128.468 K

                     ====================================
                        Begin MD step =     24
                     ====================================

outcell: Unit cell vectors (Ang):
       10.000000    0.000000    0.000000
        0.000000   10.000000    0.000000
        0.000000    0.000000   10.000000

outcell: Cell vector modules (Ang)   :   10.000000   10.000000   10.000000
outcell: Cell angles (23,13,12) (deg):     90.0000     90.0000     90.0000
outcell: Cell volume (Ang**3)        :   1000.0000
<dSpData1D:S at geom step 24
  <sparsity:sparsity for geom step 24
    nrows_g=23 nrows=23 sparsity=1.0000 nnzs=529, refcount: 7>
  <dData1D:(new from dSpData1D) n=529, refcount: 1>
refcount: 1>
new_DM -- step:    24
Re-using DM from previous geometries...
Number of DMs in history: 1
 DM extrapolation coefficients: 
1   1.00000
New DM after history re-use:
<dSpData2D:SpM extrapolated using coords
  <sparsity:sparsity for geom step 24
    nrows_g=23 nrows=23 sparsity=1.0000 nnzs=529, refcount: 9>
  <dData2D:(temp array for extrapolation) n=529 m=1, refcount: 1>
refcount: 1>
Note: For starting DM, Qtot, Tr[D*S] =          8.00000000          7.98961228
No. of atoms with KB's overlaping orbs in proc 0. Max # of overlaps:       3      23

InitMesh: MESH = 108 x 108 x 108 = 1259712
InitMesh: Mesh cutoff (required, used) =   300.000   322.366 Ry
New grid distribution [1]: sub = 2
mkdir: no se puede crear el directorio «MD_steps»: El archivo ya existe
mkdir: no se puede crear el directorio «MD_steps/basis»: El archivo ya existe

        iscf     Eharris(eV)        E_KS(eV)     FreeEng(eV)     dDmax    Ef(eV) dHmax(eV)
   scf:    1     -465.994105     -465.910191     -465.910191  0.016903 -4.626252  0.161010
   scf:    2     -465.903080     -465.908695     -465.908695  0.010764 -4.720026  0.320647
   scf:    3     -465.912132     -465.911263     -465.911263  0.007089 -4.657367  0.020490
   scf:    4     -465.911294     -465.911280     -465.911280  0.000174 -4.656878  0.011036
   scf:    5     -465.911291     -465.911286     -465.911286  0.000216 -4.656758  0.002660
   scf:    6     -465.911287     -465.911287     -465.911287  0.000041 -4.656997  0.001928
   scf:    7     -465.911287     -465.911287     -465.911287  0.000082 -4.657492  0.000323

SCF Convergence by DM+H criterion
max |DM_out - DM_in|         :     0.0000816636
max |H_out - H_in|      (eV) :     0.0003230054
SCF cycle converged after 7 iterations

Using DM_out to compute the final energy and forces
No. of atoms with KB's overlaping orbs in proc 0. Max # of overlaps:       3      23

siesta: E_KS(eV) =             -465.9113
mkdir: no se puede crear el directorio «MD_steps/23»: El archivo ya existe

siesta: Atomic forces (eV/Ang):
----------------------------------------
   Tot    0.000000   -0.000008   -0.001303
----------------------------------------
   Max    3.140112
   Res    1.650153    sqrt( Sum f_i^2 / 3N )
----------------------------------------
   Max    3.140112    constrained

Stress tensor Voigt[x,y,z,yz,xz,xy] (kbar):       -0.00        4.14        3.46        1.86       -0.00       -0.00
(Free)E + p*V (eV/cell)     -467.4917
Target enthalpy (eV/cell)     -465.9113

siesta: Stress tensor (static) (eV/Ang**3):
        -0.000001    0.000000   -0.000000
        -0.000000    0.002626    0.001150
        -0.000000    0.001150    0.002183

siesta: Pressure (static):         -2.56756729  kBar

siesta: Stress tensor (total) (eV/Ang**3):
        -0.000001    0.000000   -0.000000
        -0.000000    0.002583    0.001162
        -0.000000    0.001162    0.002160

siesta: Pressure (total):         -2.53209333  kBar

siesta: Temp_ion =     112.474 K

                     ====================================
                        Begin MD step =     25
                     ====================================

outcell: Unit cell vectors (Ang):
       10.000000    0.000000    0.000000
        0.000000   10.000000    0.000000
        0.000000    0.000000   10.000000

outcell: Cell vector modules (Ang)   :   10.000000   10.000000   10.000000
outcell: Cell angles (23,13,12) (deg):     90.0000     90.0000     90.0000
outcell: Cell volume (Ang**3)        :   1000.0000
<dSpData1D:S at geom step 25
  <sparsity:sparsity for geom step 25
    nrows_g=23 nrows=23 sparsity=1.0000 nnzs=529, refcount: 7>
  <dData1D:(new from dSpData1D) n=529, refcount: 1>
refcount: 1>
new_DM -- step:    25
Re-using DM from previous geometries...
Number of DMs in history: 1
 DM extrapolation coefficients: 
1   1.00000
New DM after history re-use:
<dSpData2D:SpM extrapolated using coords
  <sparsity:sparsity for geom step 25
    nrows_g=23 nrows=23 sparsity=1.0000 nnzs=529, refcount: 9>
  <dData2D:(temp array for extrapolation) n=529 m=1, refcount: 1>
refcount: 1>
Note: For starting DM, Qtot, Tr[D*S] =          8.00000000          8.01924207
No. of atoms with KB's overlaping orbs in proc 0. Max # of overlaps:       3      23

InitMesh: MESH = 108 x 108 x 108 = 1259712
InitMesh: Mesh cutoff (required, used) =   300.000   322.366 Ry
New grid distribution [1]: sub = 2
mkdir: no se puede crear el directorio «MD_steps»: El archivo ya existe
mkdir: no se puede crear el directorio «MD_steps/basis»: El archivo ya existe

        iscf     Eharris(eV)        E_KS(eV)     FreeEng(eV)     dDmax    Ef(eV) dHmax(eV)
   scf:    1     -465.882299     -466.000567     -466.000567  0.027236 -4.740432  0.329742
   scf:    2     -465.969847     -465.993982     -465.993982  0.021691 -4.533295  0.661390
   scf:    3     -466.008678     -466.004979     -466.004979  0.014171 -4.669068  0.040741
   scf:    4     -466.005100     -466.005044     -466.005044  0.000353 -4.669177  0.021864
   scf:    5     -466.005087     -466.005071     -466.005071  0.000340 -4.668940  0.004535
   scf:    6     -466.005072     -466.005071     -466.005071  0.000058 -4.668583  0.003212
   scf:    7     -466.005072     -466.005072     -466.005072  0.000142 -4.667598  0.000281
   scf:    8     -466.005072     -466.005072     -466.005072  0.000005 -4.667560  0.000178

SCF Convergence by DM+H criterion
max |DM_out - DM_in|         :     0.0000045399
max |H_out - H_in|      (eV) :     0.0001783707
SCF cycle converged after 8 iterations

Using DM_out to compute the final energy and forces
No. of atoms with KB's overlaping orbs in proc 0. Max # of overlaps:       3      23

siesta: E_KS(eV) =             -466.0051
mkdir: no se puede crear el directorio «MD_steps/24»: El archivo ya existe

siesta: Atomic forces (eV/Ang):
----------------------------------------
   Tot   -0.000000    0.000685   -0.001915
----------------------------------------
   Max    2.670575
   Res    1.290206    sqrt( Sum f_i^2 / 3N )
----------------------------------------
   Max    2.670575    constrained

Stress tensor Voigt[x,y,z,yz,xz,xy] (kbar):       -0.00        3.44        2.82        0.61        0.00        0.00
(Free)E + p*V (eV/cell)     -467.3074
Target enthalpy (eV/cell)     -466.0051

siesta: Stress tensor (static) (eV/Ang**3):
        -0.000001    0.000000   -0.000000
         0.000000    0.002182    0.000392
         0.000000    0.000391    0.001785

siesta: Pressure (static):         -2.11754800  kBar

siesta: Stress tensor (total) (eV/Ang**3):
        -0.000001    0.000000   -0.000000
         0.000000    0.002148    0.000379
         0.000000    0.000379    0.001760

siesta: Pressure (total):         -2.08649069  kBar

siesta: Temp_ion =     448.583 K

                     ====================================
                        Begin MD step =     26
                     ====================================

outcell: Unit cell vectors (Ang):
       10.000000    0.000000    0.000000
        0.000000   10.000000    0.000000
        0.000000    0.000000   10.000000

outcell: Cell vector modules (Ang)   :   10.000000   10.000000   10.000000
outcell: Cell angles (23,13,12) (deg):     90.0000     90.0000     90.0000
outcell: Cell volume (Ang**3)        :   1000.0000
<dSpData1D:S at geom step 26
  <sparsity:sparsity for geom step 26
    nrows_g=23 nrows=23 sparsity=1.0000 nnzs=529, refcount: 7>
  <dData1D:(new from dSpData1D) n=529, refcount: 1>
refcount: 1>
new_DM -- step:    26
Re-using DM from previous geometries...
Number of DMs in history: 1
 DM extrapolation coefficients: 
1   1.00000
New DM after history re-use:
<dSpData2D:SpM extrapolated using coords
  <sparsity:sparsity for geom step 26
    nrows_g=23 nrows=23 sparsity=1.0000 nnzs=529, refcount: 9>
  <dData2D:(temp array for extrapolation) n=529 m=1, refcount: 1>
refcount: 1>
Note: For starting DM, Qtot, Tr[D*S] =          8.00000000          8.04425183
No. of atoms with KB's overlaping orbs in proc 0. Max # of overlaps:       3      23

InitMesh: MESH = 108 x 108 x 108 = 1259712
InitMesh: Mesh cutoff (required, used) =   300.000   322.366 Ry
New grid distribution [1]: sub = 2
mkdir: no se puede crear el directorio «MD_steps»: El archivo ya existe
mkdir: no se puede crear el directorio «MD_steps/basis»: El archivo ya existe

        iscf     Eharris(eV)        E_KS(eV)     FreeEng(eV)     dDmax    Ef(eV) dHmax(eV)
   scf:    1     -465.749774     -466.076511     -466.076511  0.067955 -4.933787  0.731814
   scf:    2     -465.950903     -466.047018     -466.047018  0.044332 -4.483253  1.383886
   scf:    3     -466.104787     -466.090136     -466.090136  0.028445 -4.776155  0.048448
   scf:    4     -466.090328     -466.090238     -466.090238  0.000536 -4.774569  0.026723
   scf:    5     -466.090316     -466.090285     -466.090285  0.000752 -4.772535  0.008184
   scf:    6     -466.090286     -466.090286     -466.090286  0.000121 -4.771858  0.005995
   scf:    7     -466.090287     -466.090286     -466.090286  0.000286 -4.769838  0.000837
   scf:    8     -466.090286     -466.090286     -466.090286  0.000029 -4.769485  0.000393

SCF Convergence by DM+H criterion
max |DM_out - DM_in|         :     0.0000287023
max |H_out - H_in|      (eV) :     0.0003929183
SCF cycle converged after 8 iterations

Using DM_out to compute the final energy and forces
No. of atoms with KB's overlaping orbs in proc 0. Max # of overlaps:       3      23

siesta: E_KS(eV) =             -466.0903
mkdir: no se puede crear el directorio «MD_steps/25»: El archivo ya existe

siesta: Atomic forces (eV/Ang):
----------------------------------------
   Tot    0.000000   -0.000925   -0.001555
----------------------------------------
   Max    1.120825
   Res    0.691025    sqrt( Sum f_i^2 / 3N )
----------------------------------------
   Max    1.120825    constrained

Stress tensor Voigt[x,y,z,yz,xz,xy] (kbar):       -0.00        0.85        0.89       -1.29       -0.00        0.00
(Free)E + p*V (eV/cell)     -466.4518
Target enthalpy (eV/cell)     -466.0903

siesta: Stress tensor (static) (eV/Ang**3):
        -0.000001    0.000000   -0.000000
         0.000000    0.000642   -0.000692
        -0.000000   -0.000692    0.000676

siesta: Pressure (static):         -0.70312943  kBar

siesta: Stress tensor (total) (eV/Ang**3):
        -0.000001    0.000000   -0.000000
         0.000000    0.000532   -0.000808
        -0.000000   -0.000808    0.000554

siesta: Pressure (total):         -0.57926240  kBar

siesta: Temp_ion =     732.141 K

                     ====================================
                        Begin MD step =     27
                     ====================================

outcell: Unit cell vectors (Ang):
       10.000000    0.000000    0.000000
        0.000000   10.000000    0.000000
        0.000000    0.000000   10.000000

outcell: Cell vector modules (Ang)   :   10.000000   10.000000   10.000000
outcell: Cell angles (23,13,12) (deg):     90.0000     90.0000     90.0000
outcell: Cell volume (Ang**3)        :   1000.0000
<dSpData1D:S at geom step 27
  <sparsity:sparsity for geom step 27
    nrows_g=23 nrows=23 sparsity=1.0000 nnzs=529, refcount: 7>
  <dData1D:(new from dSpData1D) n=529, refcount: 1>
refcount: 1>
new_DM -- step:    27
Re-using DM from previous geometries...
Number of DMs in history: 1
 DM extrapolation coefficients: 
1   1.00000
New DM after history re-use:
<dSpData2D:SpM extrapolated using coords
  <sparsity:sparsity for geom step 27
    nrows_g=23 nrows=23 sparsity=1.0000 nnzs=529, refcount: 9>
  <dData2D:(temp array for extrapolation) n=529 m=1, refcount: 1>
refcount: 1>
Note: For starting DM, Qtot, Tr[D*S] =          8.00000000          8.05310576
No. of atoms with KB's overlaping orbs in proc 0. Max # of overlaps:       3      23

InitMesh: MESH = 108 x 108 x 108 = 1259712
InitMesh: Mesh cutoff (required, used) =   300.000   322.366 Ry
New grid distribution [1]: sub = 2
mkdir: no se puede crear el directorio «MD_steps»: El archivo ya existe
mkdir: no se puede crear el directorio «MD_steps/basis»: El archivo ya existe

        iscf     Eharris(eV)        E_KS(eV)     FreeEng(eV)     dDmax    Ef(eV) dHmax(eV)
   scf:    1     -465.581018     -466.002154     -466.002154  0.086402 -5.150105  0.868093
   scf:    2     -465.851821     -465.966907     -465.966907  0.047972 -4.607880  1.545983
   scf:    3     -466.036441     -466.018322     -466.018322  0.030017 -4.953460  0.037427
   scf:    4     -466.018421     -466.018374     -466.018374  0.000659 -4.950355  0.022848
   scf:    5     -466.018425     -466.018403     -466.018403  0.000941 -4.946398  0.008431
   scf:    6     -466.018405     -466.018404     -466.018404  0.000162 -4.945456  0.006128
   scf:    7     -466.018405     -466.018405     -466.018405  0.000245 -4.943589  0.001641
   scf:    8     -466.018405     -466.018405     -466.018405  0.000053 -4.942957  0.000646

SCF Convergence by DM+H criterion
max |DM_out - DM_in|         :     0.0000529932
max |H_out - H_in|      (eV) :     0.0006455880
SCF cycle converged after 8 iterations

Using DM_out to compute the final energy and forces
No. of atoms with KB's overlaping orbs in proc 0. Max # of overlaps:       3      23

siesta: E_KS(eV) =             -466.0184
mkdir: no se puede crear el directorio «MD_steps/26»: El archivo ya existe

siesta: Atomic forces (eV/Ang):
----------------------------------------
   Tot    0.000000   -0.000071   -0.003207
----------------------------------------
   Max    3.070049
   Res    1.636522    sqrt( Sum f_i^2 / 3N )
----------------------------------------
   Max    3.070049    constrained

Stress tensor Voigt[x,y,z,yz,xz,xy] (kbar):       -0.00       -3.04       -1.80       -3.21       -0.00        0.00
(Free)E + p*V (eV/cell)     -465.0109
Target enthalpy (eV/cell)     -466.0184

siesta: Stress tensor (static) (eV/Ang**3):
        -0.000001    0.000000   -0.000000
         0.000000   -0.001732   -0.001842
        -0.000000   -0.001843   -0.000911

siesta: Pressure (static):          1.41208215  kBar

siesta: Stress tensor (total) (eV/Ang**3):
        -0.000001    0.000000   -0.000000
         0.000000   -0.001897   -0.002005
        -0.000000   -0.002006   -0.001124

siesta: Pressure (total):          1.61424809  kBar

siesta: Temp_ion =     479.489 K

                     ====================================
                        Begin MD step =     28
                     ====================================

outcell: Unit cell vectors (Ang):
       10.000000    0.000000    0.000000
        0.000000   10.000000    0.000000
        0.000000    0.000000   10.000000

outcell: Cell vector modules (Ang)   :   10.000000   10.000000   10.000000
outcell: Cell angles (23,13,12) (deg):     90.0000     90.0000     90.0000
outcell: Cell volume (Ang**3)        :   1000.0000
<dSpData1D:S at geom step 28
  <sparsity:sparsity for geom step 28
    nrows_g=23 nrows=23 sparsity=1.0000 nnzs=529, refcount: 7>
  <dData1D:(new from dSpData1D) n=529, refcount: 1>
refcount: 1>
new_DM -- step:    28
Re-using DM from previous geometries...
Number of DMs in history: 1
 DM extrapolation coefficients: 
1   1.00000
New DM after history re-use:
<dSpData2D:SpM extrapolated using coords
  <sparsity:sparsity for geom step 28
    nrows_g=23 nrows=23 sparsity=1.0000 nnzs=529, refcount: 9>
  <dData2D:(temp array for extrapolation) n=529 m=1, refcount: 1>
refcount: 1>
Note: For starting DM, Qtot, Tr[D*S] =          8.00000000          8.03589896
No. of atoms with KB's overlaping orbs in proc 0. Max # of overlaps:       3      23

InitMesh: MESH = 108 x 108 x 108 = 1259712
InitMesh: Mesh cutoff (required, used) =   300.000   322.366 Ry
New grid distribution [1]: sub = 2
mkdir: no se puede crear el directorio «MD_steps»: El archivo ya existe
mkdir: no se puede crear el directorio «MD_steps/basis»: El archivo ya existe

        iscf     Eharris(eV)        E_KS(eV)     FreeEng(eV)     dDmax    Ef(eV) dHmax(eV)
   scf:    1     -465.647208     -465.912356     -465.912356  0.057328 -5.193797  0.576971
   scf:    2     -465.852080     -465.898364     -465.898364  0.030513 -4.820286  0.990553
   scf:    3     -465.926500     -465.919000     -465.919000  0.018862 -5.054530  0.017577
   scf:    4     -465.919012     -465.919006     -465.919006  0.000396 -5.052025  0.011892
   scf:    5     -465.919016     -465.919012     -465.919012  0.000699 -5.047870  0.003106
   scf:    6     -465.919012     -465.919012     -465.919012  0.000123 -5.047042  0.001453
   scf:    7     -465.919012     -465.919012     -465.919012  0.000051 -5.046550  0.000517

SCF Convergence by DM+H criterion
max |DM_out - DM_in|         :     0.0000505589
max |H_out - H_in|      (eV) :     0.0005171062
SCF cycle converged after 7 iterations

Using DM_out to compute the final energy and forces
No. of atoms with KB's overlaping orbs in proc 0. Max # of overlaps:       3      23

siesta: E_KS(eV) =             -465.9190
mkdir: no se puede crear el directorio «MD_steps/27»: El archivo ya existe

siesta: Atomic forces (eV/Ang):
----------------------------------------
   Tot   -0.000000    0.000297   -0.003788
----------------------------------------
   Max    4.156118
   Res    2.372487    sqrt( Sum f_i^2 / 3N )
----------------------------------------
   Max    4.156118    constrained

Stress tensor Voigt[x,y,z,yz,xz,xy] (kbar):       -0.00       -5.67       -3.37       -3.23       -0.00        0.00
(Free)E + p*V (eV/cell)     -464.0399
Target enthalpy (eV/cell)     -465.9190

siesta: Stress tensor (static) (eV/Ang**3):
        -0.000001    0.000000    0.000000
         0.000000   -0.003454   -0.001962
        -0.000000   -0.001962   -0.001934

siesta: Pressure (static):          2.87825865  kBar

siesta: Stress tensor (total) (eV/Ang**3):
        -0.000001    0.000000    0.000000
         0.000000   -0.003536   -0.002015
        -0.000000   -0.002015   -0.002100

siesta: Pressure (total):          3.01065983  kBar

siesta: Temp_ion =     165.621 K

                     ====================================
                        Begin MD step =     29
                     ====================================

outcell: Unit cell vectors (Ang):
       10.000000    0.000000    0.000000
        0.000000   10.000000    0.000000
        0.000000    0.000000   10.000000

outcell: Cell vector modules (Ang)   :   10.000000   10.000000   10.000000
outcell: Cell angles (23,13,12) (deg):     90.0000     90.0000     90.0000
outcell: Cell volume (Ang**3)        :   1000.0000
<dSpData1D:S at geom step 29
  <sparsity:sparsity for geom step 29
    nrows_g=23 nrows=23 sparsity=1.0000 nnzs=529, refcount: 7>
  <dData1D:(new from dSpData1D) n=529, refcount: 1>
refcount: 1>
new_DM -- step:    29
Re-using DM from previous geometries...
Number of DMs in history: 1
 DM extrapolation coefficients: 
1   1.00000
New DM after history re-use:
<dSpData2D:SpM extrapolated using coords
  <sparsity:sparsity for geom step 29
    nrows_g=23 nrows=23 sparsity=1.0000 nnzs=529, refcount: 9>
  <dData2D:(temp array for extrapolation) n=529 m=1, refcount: 1>
refcount: 1>
No. of atoms with KB's overlaping orbs in proc 0. Max # of overlaps:       3      23

InitMesh: MESH = 108 x 108 x 108 = 1259712
InitMesh: Mesh cutoff (required, used) =   300.000   322.366 Ry
New grid distribution [1]: sub = 2
mkdir: no se puede crear el directorio «MD_steps»: El archivo ya existe
mkdir: no se puede crear el directorio «MD_steps/basis»: El archivo ya existe

        iscf     Eharris(eV)        E_KS(eV)     FreeEng(eV)     dDmax    Ef(eV) dHmax(eV)
   scf:    1     -466.066467     -466.010669     -466.010669  0.022758 -4.960216  0.189808
   scf:    2     -466.010476     -466.011673     -466.011673  0.005496 -4.956735  0.125884
   scf:    3     -466.013099     -466.012577     -466.012577  0.002344 -4.957553  0.008574
   scf:    4     -466.012581     -466.012579     -466.012579  0.000085 -4.957627  0.006041
   scf:    5     -466.012581     -466.012579     -466.012579  0.000185 -4.958118  0.000922
   scf:    6     -466.012579     -466.012579     -466.012579  0.000015 -4.958270  0.000388

SCF Convergence by DM+H criterion
max |DM_out - DM_in|         :     0.0000154765
max |H_out - H_in|      (eV) :     0.0003881200
SCF cycle converged after 6 iterations

Using DM_out to compute the final energy and forces
No. of atoms with KB's overlaping orbs in proc 0. Max # of overlaps:       3      23

siesta: E_KS(eV) =             -466.0126
mkdir: no se puede crear el directorio «MD_steps/28»: El archivo ya existe

siesta: Atomic forces (eV/Ang):
----------------------------------------
   Tot   -0.000000    0.000590   -0.003398
----------------------------------------
   Max    2.791833
   Res    1.521771    sqrt( Sum f_i^2 / 3N )
----------------------------------------
   Max    2.791833    constrained

Stress tensor Voigt[x,y,z,yz,xz,xy] (kbar):       -0.00       -4.83       -2.62       -0.69        0.00       -0.00
(Free)E + p*V (eV/cell)     -464.4623
Target enthalpy (eV/cell)     -466.0126

siesta: Stress tensor (static) (eV/Ang**3):
        -0.000001    0.000000    0.000000
        -0.000000   -0.002986   -0.000470
        -0.000000   -0.000470   -0.001578

siesta: Pressure (static):          2.43803361  kBar

siesta: Stress tensor (total) (eV/Ang**3):
        -0.000001    0.000000    0.000000
        -0.000000   -0.003012   -0.000433
         0.000000   -0.000433   -0.001638

siesta: Pressure (total):          2.48376662  kBar

siesta: Temp_ion =     455.395 K

                     ====================================
                        Begin MD step =     30
                     ====================================

outcell: Unit cell vectors (Ang):
       10.000000    0.000000    0.000000
        0.000000   10.000000    0.000000
        0.000000    0.000000   10.000000

outcell: Cell vector modules (Ang)   :   10.000000   10.000000   10.000000
outcell: Cell angles (23,13,12) (deg):     90.0000     90.0000     90.0000
outcell: Cell volume (Ang**3)        :   1000.0000
<dSpData1D:S at geom step 30
  <sparsity:sparsity for geom step 30
    nrows_g=23 nrows=23 sparsity=1.0000 nnzs=529, refcount: 7>
  <dData1D:(new from dSpData1D) n=529, refcount: 1>
refcount: 1>
new_DM -- step:    30
Re-using DM from previous geometries...
Number of DMs in history: 1
 DM extrapolation coefficients: 
1   1.00000
New DM after history re-use:
<dSpData2D:SpM extrapolated using coords
  <sparsity:sparsity for geom step 30
    nrows_g=23 nrows=23 sparsity=1.0000 nnzs=529, refcount: 9>
  <dData2D:(temp array for extrapolation) n=529 m=1, refcount: 1>
refcount: 1>
Note: For starting DM, Qtot, Tr[D*S] =          8.00000000          7.96544523
No. of atoms with KB's overlaping orbs in proc 0. Max # of overlaps:       3      23

InitMesh: MESH = 108 x 108 x 108 = 1259712
InitMesh: Mesh cutoff (required, used) =   300.000   322.366 Ry
New grid distribution [1]: sub = 2
mkdir: no se puede crear el directorio «MD_steps»: El archivo ya existe
mkdir: no se puede crear el directorio «MD_steps/basis»: El archivo ya existe

        iscf     Eharris(eV)        E_KS(eV)     FreeEng(eV)     dDmax    Ef(eV) dHmax(eV)
   scf:    1     -466.338237     -466.070053     -466.070053  0.057301 -4.626829  0.478787
   scf:    2     -466.026624     -466.061647     -466.061647  0.027642 -4.923206  0.821802
   scf:    3     -466.083711     -466.077741     -466.077741  0.017238 -4.736006  0.048769
   scf:    4     -466.077929     -466.077841     -466.077841  0.000329 -4.735610  0.027325
   scf:    5     -466.077921     -466.077888     -466.077888  0.000563 -4.736750  0.008878
   scf:    6     -466.077891     -466.077890     -466.077890  0.000146 -4.737787  0.006360
   scf:    7     -466.077891     -466.077891     -466.077891  0.000249 -4.739615  0.001304
   scf:    8     -466.077891     -466.077891     -466.077891  0.000021 -4.739795  0.000651

SCF Convergence by DM+H criterion
max |DM_out - DM_in|         :     0.0000207143
max |H_out - H_in|      (eV) :     0.0006513362
SCF cycle converged after 8 iterations

Using DM_out to compute the final energy and forces
No. of atoms with KB's overlaping orbs in proc 0. Max # of overlaps:       3      23

siesta: E_KS(eV) =             -466.0779
mkdir: no se puede crear el directorio «MD_steps/29»: El archivo ya existe

siesta: Atomic forces (eV/Ang):
----------------------------------------
   Tot    0.000000    0.000063   -0.001714
----------------------------------------
   Max    2.055677
   Res    1.049155    sqrt( Sum f_i^2 / 3N )
----------------------------------------
   Max    2.055677    constrained

Stress tensor Voigt[x,y,z,yz,xz,xy] (kbar):       -0.00       -1.87       -0.95        1.70       -0.00        0.00
(Free)E + p*V (eV/cell)     -465.4903
Target enthalpy (eV/cell)     -466.0779

siesta: Stress tensor (static) (eV/Ang**3):
        -0.000001   -0.000000   -0.000000
         0.000000   -0.000984    0.001128
        -0.000000    0.001128   -0.000542

siesta: Pressure (static):          0.81574797  kBar

siesta: Stress tensor (total) (eV/Ang**3):
        -0.000001   -0.000000   -0.000000
         0.000000   -0.001166    0.001058
        -0.000000    0.001058   -0.000596

siesta: Pressure (total):          0.94149613  kBar

siesta: Temp_ion =     694.041 K

                     ====================================
                        Begin MD step =     31
                     ====================================

outcell: Unit cell vectors (Ang):
       10.000000    0.000000    0.000000
        0.000000   10.000000    0.000000
        0.000000    0.000000   10.000000

outcell: Cell vector modules (Ang)   :   10.000000   10.000000   10.000000
outcell: Cell angles (23,13,12) (deg):     90.0000     90.0000     90.0000
outcell: Cell volume (Ang**3)        :   1000.0000
<dSpData1D:S at geom step 31
  <sparsity:sparsity for geom step 31
    nrows_g=23 nrows=23 sparsity=1.0000 nnzs=529, refcount: 7>
  <dData1D:(new from dSpData1D) n=529, refcount: 1>
refcount: 1>
new_DM -- step:    31
Re-using DM from previous geometries...
Number of DMs in history: 1
 DM extrapolation coefficients: 
1   1.00000
New DM after history re-use:
<dSpData2D:SpM extrapolated using coords
  <sparsity:sparsity for geom step 31
    nrows_g=23 nrows=23 sparsity=1.0000 nnzs=529, refcount: 9>
  <dData2D:(temp array for extrapolation) n=529 m=1, refcount: 1>
refcount: 1>
Note: For starting DM, Qtot, Tr[D*S] =          8.00000000          7.95285476
No. of atoms with KB's overlaping orbs in proc 0. Max # of overlaps:       3      23

InitMesh: MESH = 108 x 108 x 108 = 1259712
InitMesh: Mesh cutoff (required, used) =   300.000   322.366 Ry
New grid distribution [1]: sub = 2
mkdir: no se puede crear el directorio «MD_steps»: El archivo ya existe
mkdir: no se puede crear el directorio «MD_steps/basis»: El archivo ya existe

        iscf     Eharris(eV)        E_KS(eV)     FreeEng(eV)     dDmax    Ef(eV) dHmax(eV)
   scf:    1     -466.323704     -466.009902     -466.009902  0.071243 -4.368599  0.657788
   scf:    2     -465.914840     -465.987696     -465.987696  0.041929 -4.782683  1.209171
   scf:    3     -466.031824     -466.020322     -466.020322  0.027069 -4.513641  0.035519
   scf:    4     -466.020458     -466.020394     -466.020394  0.000578 -4.514101  0.023097
   scf:    5     -466.020462     -466.020434     -466.020434  0.000991 -4.516674  0.009229
   scf:    6     -466.020436     -466.020435     -466.020435  0.000221 -4.518079  0.006378
   scf:    7     -466.020436     -466.020436     -466.020436  0.000311 -4.520220  0.001393
   scf:    8     -466.020436     -466.020436     -466.020436  0.000028 -4.520494  0.000667

SCF Convergence by DM+H criterion
max |DM_out - DM_in|         :     0.0000278318
max |H_out - H_in|      (eV) :     0.0006673486
SCF cycle converged after 8 iterations

Using DM_out to compute the final energy and forces
No. of atoms with KB's overlaping orbs in proc 0. Max # of overlaps:       3      23

siesta: E_KS(eV) =             -466.0204
mkdir: no se puede crear el directorio «MD_steps/30»: El archivo ya existe

siesta: Atomic forces (eV/Ang):
----------------------------------------
   Tot   -0.000000   -0.000342   -0.001517
----------------------------------------
   Max    2.793325
   Res    1.315663    sqrt( Sum f_i^2 / 3N )
----------------------------------------
   Max    2.793325    constrained

Stress tensor Voigt[x,y,z,yz,xz,xy] (kbar):       -0.00        1.60        0.59        2.52       -0.00        0.00
(Free)E + p*V (eV/cell)     -466.4754
Target enthalpy (eV/cell)     -466.0204

siesta: Stress tensor (static) (eV/Ang**3):
        -0.000001    0.000000    0.000000
         0.000000    0.001290    0.001711
        -0.000000    0.001711    0.000435

siesta: Pressure (static):         -0.92060626  kBar

siesta: Stress tensor (total) (eV/Ang**3):
        -0.000001    0.000000    0.000000
         0.000000    0.000996    0.001574
        -0.000000    0.001574    0.000370

siesta: Pressure (total):         -0.72896078  kBar

siesta: Temp_ion =     500.823 K

                     ====================================
                        Begin MD step =     32
                     ====================================

outcell: Unit cell vectors (Ang):
       10.000000    0.000000    0.000000
        0.000000   10.000000    0.000000
        0.000000    0.000000   10.000000

outcell: Cell vector modules (Ang)   :   10.000000   10.000000   10.000000
outcell: Cell angles (23,13,12) (deg):     90.0000     90.0000     90.0000
outcell: Cell volume (Ang**3)        :   1000.0000
<dSpData1D:S at geom step 32
  <sparsity:sparsity for geom step 32
    nrows_g=23 nrows=23 sparsity=1.0000 nnzs=529, refcount: 7>
  <dData1D:(new from dSpData1D) n=529, refcount: 1>
refcount: 1>
new_DM -- step:    32
Re-using DM from previous geometries...
Number of DMs in history: 1
 DM extrapolation coefficients: 
1   1.00000
New DM after history re-use:
<dSpData2D:SpM extrapolated using coords
  <sparsity:sparsity for geom step 32
    nrows_g=23 nrows=23 sparsity=1.0000 nnzs=529, refcount: 9>
  <dData2D:(temp array for extrapolation) n=529 m=1, refcount: 1>
refcount: 1>
Note: For starting DM, Qtot, Tr[D*S] =          8.00000000          7.96173610
No. of atoms with KB's overlaping orbs in proc 0. Max # of overlaps:       3      23

InitMesh: MESH = 108 x 108 x 108 = 1259712
InitMesh: Mesh cutoff (required, used) =   300.000   322.366 Ry
New grid distribution [1]: sub = 2
mkdir: no se puede crear el directorio «MD_steps»: El archivo ya existe
mkdir: no se puede crear el directorio «MD_steps/basis»: El archivo ya existe

        iscf     Eharris(eV)        E_KS(eV)     FreeEng(eV)     dDmax    Ef(eV) dHmax(eV)
   scf:    1     -466.177136     -465.930148     -465.930148  0.057732 -4.253745  0.546392
   scf:    2     -465.858579     -465.912494     -465.912494  0.036904 -4.592051  1.048001
   scf:    3     -465.944670     -465.936498     -465.936498  0.024269 -4.368075  0.020813
   scf:    4     -465.936539     -465.936519     -465.936519  0.000561 -4.368493  0.012438
   scf:    5     -465.936546     -465.936534     -465.936534  0.001040 -4.370663  0.005106
   scf:    6     -465.936535     -465.936534     -465.936534  0.000170 -4.371777  0.003009
   scf:    7     -465.936534     -465.936534     -465.936534  0.000172 -4.373174  0.001218
   scf:    8     -465.936534     -465.936534     -465.936534  0.000015 -4.373380  0.000745

SCF Convergence by DM+H criterion
max |DM_out - DM_in|         :     0.0000146513
max |H_out - H_in|      (eV) :     0.0007454361
SCF cycle converged after 8 iterations

Using DM_out to compute the final energy and forces
No. of atoms with KB's overlaping orbs in proc 0. Max # of overlaps:       3      23

siesta: E_KS(eV) =             -465.9365
mkdir: no se puede crear el directorio «MD_steps/31»: El archivo ya existe

siesta: Atomic forces (eV/Ang):
----------------------------------------
   Tot   -0.000000    0.000352   -0.001697
----------------------------------------
   Max    2.889605
   Res    1.462872    sqrt( Sum f_i^2 / 3N )
----------------------------------------
   Max    2.889605    constrained

Stress tensor Voigt[x,y,z,yz,xz,xy] (kbar):       -0.00        4.48        1.67        2.30        0.00       -0.00
(Free)E + p*V (eV/cell)     -467.2163
Target enthalpy (eV/cell)     -465.9365

siesta: Stress tensor (static) (eV/Ang**3):
        -0.000001   -0.000000    0.000000
        -0.000000    0.003022    0.001488
         0.000000    0.001488    0.001077

siesta: Pressure (static):         -2.18862824  kBar

siesta: Stress tensor (total) (eV/Ang**3):
        -0.000001    0.000000    0.000000
        -0.000000    0.002798    0.001436
         0.000000    0.001436    0.001042

siesta: Pressure (total):         -2.05033609  kBar

siesta: Temp_ion =     200.232 K

                     ====================================
                        Begin MD step =     33
                     ====================================

outcell: Unit cell vectors (Ang):
       10.000000    0.000000    0.000000
        0.000000   10.000000    0.000000
        0.000000    0.000000   10.000000

outcell: Cell vector modules (Ang)   :   10.000000   10.000000   10.000000
outcell: Cell angles (23,13,12) (deg):     90.0000     90.0000     90.0000
outcell: Cell volume (Ang**3)        :   1000.0000
<dSpData1D:S at geom step 33
  <sparsity:sparsity for geom step 33
    nrows_g=23 nrows=23 sparsity=1.0000 nnzs=529, refcount: 7>
  <dData1D:(new from dSpData1D) n=529, refcount: 1>
refcount: 1>
new_DM -- step:    33
Re-using DM from previous geometries...
Number of DMs in history: 1
 DM extrapolation coefficients: 
1   1.00000
New DM after history re-use:
<dSpData2D:SpM extrapolated using coords
  <sparsity:sparsity for geom step 33
    nrows_g=23 nrows=23 sparsity=1.0000 nnzs=529, refcount: 9>
  <dData2D:(temp array for extrapolation) n=529 m=1, refcount: 1>
refcount: 1>
Note: For starting DM, Qtot, Tr[D*S] =          8.00000000          7.98625242
No. of atoms with KB's overlaping orbs in proc 0. Max # of overlaps:       3      23

InitMesh: MESH = 108 x 108 x 108 = 1259712
InitMesh: Mesh cutoff (required, used) =   300.000   322.366 Ry
New grid distribution [1]: sub = 2
mkdir: no se puede crear el directorio «MD_steps»: El archivo ya existe
mkdir: no se puede crear el directorio «MD_steps/basis»: El archivo ya existe

        iscf     Eharris(eV)        E_KS(eV)     FreeEng(eV)     dDmax    Ef(eV) dHmax(eV)
   scf:    1     -466.015715     -465.918539     -465.918539  0.021698 -4.274130  0.192576
   scf:    2     -465.909449     -465.916798     -465.916798  0.012961 -4.386247  0.364808
   scf:    3     -465.921394     -465.920200     -465.920200  0.008366 -4.312463  0.025088
   scf:    4     -465.920248     -465.920226     -465.920226  0.000211 -4.311794  0.013412
   scf:    5     -465.920243     -465.920236     -465.920236  0.000277 -4.311679  0.003607
   scf:    6     -465.920236     -465.920236     -465.920236  0.000059 -4.312017  0.002598
   scf:    7     -465.920237     -465.920236     -465.920236  0.000107 -4.312669  0.000492
   scf:    8     -465.920236     -465.920236     -465.920236  0.000008 -4.312747  0.000243

SCF Convergence by DM+H criterion
max |DM_out - DM_in|         :     0.0000077940
max |H_out - H_in|      (eV) :     0.0002429973
SCF cycle converged after 8 iterations

Using DM_out to compute the final energy and forces
No. of atoms with KB's overlaping orbs in proc 0. Max # of overlaps:       3      23

siesta: E_KS(eV) =             -465.9202
mkdir: no se puede crear el directorio «MD_steps/32»: El archivo ya existe

siesta: Atomic forces (eV/Ang):
----------------------------------------
   Tot    0.000000   -0.000142   -0.002223
----------------------------------------
   Max    2.803914
   Res    1.442410    sqrt( Sum f_i^2 / 3N )
----------------------------------------
   Max    2.803914    constrained

Stress tensor Voigt[x,y,z,yz,xz,xy] (kbar):       -0.00        5.86        2.03        1.47       -0.00        0.00
(Free)E + p*V (eV/cell)     -467.5614
Target enthalpy (eV/cell)     -465.9202

siesta: Stress tensor (static) (eV/Ang**3):
        -0.000001   -0.000000    0.000000
         0.000000    0.003749    0.000892
        -0.000000    0.000892    0.001279

siesta: Pressure (static):         -2.68469621  kBar

siesta: Stress tensor (total) (eV/Ang**3):
        -0.000001   -0.000000    0.000000
         0.000000    0.003656    0.000916
        -0.000000    0.000916    0.001269

siesta: Pressure (total):         -2.62940623  kBar

siesta: Temp_ion =     144.626 K

                     ====================================
                        Begin MD step =     34
                     ====================================

outcell: Unit cell vectors (Ang):
       10.000000    0.000000    0.000000
        0.000000   10.000000    0.000000
        0.000000    0.000000   10.000000

outcell: Cell vector modules (Ang)   :   10.000000   10.000000   10.000000
outcell: Cell angles (23,13,12) (deg):     90.0000     90.0000     90.0000
outcell: Cell volume (Ang**3)        :   1000.0000
<dSpData1D:S at geom step 34
  <sparsity:sparsity for geom step 34
    nrows_g=23 nrows=23 sparsity=1.0000 nnzs=529, refcount: 7>
  <dData1D:(new from dSpData1D) n=529, refcount: 1>
refcount: 1>
new_DM -- step:    34
Re-using DM from previous geometries...
Number of DMs in history: 1
 DM extrapolation coefficients: 
1   1.00000
New DM after history re-use:
<dSpData2D:SpM extrapolated using coords
  <sparsity:sparsity for geom step 34
    nrows_g=23 nrows=23 sparsity=1.0000 nnzs=529, refcount: 9>
  <dData2D:(temp array for extrapolation) n=529 m=1, refcount: 1>
refcount: 1>
Note: For starting DM, Qtot, Tr[D*S] =          8.00000000          8.01714940
No. of atoms with KB's overlaping orbs in proc 0. Max # of overlaps:       3      23

InitMesh: MESH = 108 x 108 x 108 = 1259712
InitMesh: Mesh cutoff (required, used) =   300.000   322.366 Ry
New grid distribution [1]: sub = 2
mkdir: no se puede crear el directorio «MD_steps»: El archivo ya existe
mkdir: no se puede crear el directorio «MD_steps/basis»: El archivo ya existe

        iscf     Eharris(eV)        E_KS(eV)     FreeEng(eV)     dDmax    Ef(eV) dHmax(eV)
   scf:    1     -465.885272     -465.992758     -465.992758  0.028046 -4.410406  0.268978
   scf:    2     -465.973725     -465.989225     -465.989225  0.017944 -4.241090  0.522905
   scf:    3     -465.998958     -465.996430     -465.996430  0.011501 -4.350179  0.037770
   scf:    4     -465.996535     -465.996487     -465.996487  0.000331 -4.350762  0.019943
   scf:    5     -465.996520     -465.996508     -465.996508  0.000297 -4.350921  0.004350
   scf:    6     -465.996508     -465.996508     -465.996508  0.000052 -4.350587  0.003080
   scf:    7     -465.996508     -465.996508     -465.996508  0.000116 -4.349776  0.000297
   scf:    8     -465.996508     -465.996508     -465.996508  0.000005 -4.349729  0.000198

SCF Convergence by DM+H criterion
max |DM_out - DM_in|         :     0.0000045128
max |H_out - H_in|      (eV) :     0.0001982018
SCF cycle converged after 8 iterations

Using DM_out to compute the final energy and forces
No. of atoms with KB's overlaping orbs in proc 0. Max # of overlaps:       3      23

siesta: E_KS(eV) =             -465.9965
mkdir: no se puede crear el directorio «MD_steps/33»: El archivo ya existe

siesta: Atomic forces (eV/Ang):
----------------------------------------
   Tot   -0.000000   -0.000334   -0.002562
----------------------------------------
   Max    1.959872
   Res    1.125988    sqrt( Sum f_i^2 / 3N )
----------------------------------------
   Max    1.959872    constrained

Stress tensor Voigt[x,y,z,yz,xz,xy] (kbar):       -0.00        5.09        1.52        0.09       -0.00        0.00
(Free)E + p*V (eV/cell)     -467.3719
Target enthalpy (eV/cell)     -465.9965

siesta: Stress tensor (static) (eV/Ang**3):
        -0.000001    0.000000    0.000000
         0.000000    0.003227    0.000067
        -0.000000    0.000067    0.000975

siesta: Pressure (static):         -2.24348635  kBar

siesta: Stress tensor (total) (eV/Ang**3):
        -0.000001    0.000000    0.000000
         0.000000    0.003176    0.000058
        -0.000000    0.000058    0.000951

siesta: Pressure (total):         -2.20355082  kBar

siesta: Temp_ion =     415.171 K

                     ====================================
                        Begin MD step =     35
                     ====================================

outcell: Unit cell vectors (Ang):
       10.000000    0.000000    0.000000
        0.000000   10.000000    0.000000
        0.000000    0.000000   10.000000

outcell: Cell vector modules (Ang)   :   10.000000   10.000000   10.000000
outcell: Cell angles (23,13,12) (deg):     90.0000     90.0000     90.0000
outcell: Cell volume (Ang**3)        :   1000.0000
<dSpData1D:S at geom step 35
  <sparsity:sparsity for geom step 35
    nrows_g=23 nrows=23 sparsity=1.0000 nnzs=529, refcount: 7>
  <dData1D:(new from dSpData1D) n=529, refcount: 1>
refcount: 1>
new_DM -- step:    35
Re-using DM from previous geometries...
Number of DMs in history: 1
 DM extrapolation coefficients: 
1   1.00000
New DM after history re-use:
<dSpData2D:SpM extrapolated using coords
  <sparsity:sparsity for geom step 35
    nrows_g=23 nrows=23 sparsity=1.0000 nnzs=529, refcount: 9>
  <dData2D:(temp array for extrapolation) n=529 m=1, refcount: 1>
refcount: 1>
Note: For starting DM, Qtot, Tr[D*S] =          8.00000000          8.04315558
No. of atoms with KB's overlaping orbs in proc 0. Max # of overlaps:       3      23

InitMesh: MESH = 108 x 108 x 108 = 1259712
InitMesh: Mesh cutoff (required, used) =   300.000   322.366 Ry
New grid distribution [1]: sub = 2
mkdir: no se puede crear el directorio «MD_steps»: El archivo ya existe
mkdir: no se puede crear el directorio «MD_steps/basis»: El archivo ya existe

        iscf     Eharris(eV)        E_KS(eV)     FreeEng(eV)     dDmax    Ef(eV) dHmax(eV)
   scf:    1     -465.750749     -466.058239     -466.058239  0.067561 -4.661652  0.649309
   scf:    2     -465.966632     -466.037059     -466.037059  0.040091 -4.259096  1.199005
   scf:    3     -466.079611     -466.068686     -466.068686  0.025493 -4.518950  0.040762
   scf:    4     -466.068837     -466.068766     -466.068766  0.000561 -4.517585  0.023277
   scf:    5     -466.068833     -466.068807     -466.068807  0.000797 -4.515586  0.008317
   scf:    6     -466.068809     -466.068808     -466.068808  0.000120 -4.514866  0.006015
   scf:    7     -466.068809     -466.068808     -466.068808  0.000284 -4.512799  0.000605
   scf:    8     -466.068808     -466.068808     -466.068808  0.000016 -4.512598  0.000384

SCF Convergence by DM+H criterion
max |DM_out - DM_in|         :     0.0000157718
max |H_out - H_in|      (eV) :     0.0003843348
SCF cycle converged after 8 iterations

Using DM_out to compute the final energy and forces
No. of atoms with KB's overlaping orbs in proc 0. Max # of overlaps:       3      23

siesta: E_KS(eV) =             -466.0688
mkdir: no se puede crear el directorio «MD_steps/34»: El archivo ya existe

siesta: Atomic forces (eV/Ang):
----------------------------------------
   Tot    0.000000    0.001359   -0.003243
----------------------------------------
   Max    1.754956
   Res    0.859100    sqrt( Sum f_i^2 / 3N )
----------------------------------------
   Max    1.754956    constrained

Stress tensor Voigt[x,y,z,yz,xz,xy] (kbar):       -0.00        1.93        0.05       -1.73        0.00        0.00
(Free)E + p*V (eV/cell)     -466.4806
Target enthalpy (eV/cell)     -466.0688

siesta: Stress tensor (static) (eV/Ang**3):
        -0.000001   -0.000000   -0.000000
         0.000000    0.001348   -0.000980
         0.000000   -0.000980    0.000103

siesta: Pressure (static):         -0.77433195  kBar

siesta: Stress tensor (total) (eV/Ang**3):
        -0.000001   -0.000000   -0.000000
         0.000000    0.001203   -0.001080
         0.000000   -0.001080    0.000034

siesta: Pressure (total):         -0.65969079  kBar

siesta: Temp_ion =     653.751 K

                     ====================================
                        Begin MD step =     36
                     ====================================

outcell: Unit cell vectors (Ang):
       10.000000    0.000000    0.000000
        0.000000   10.000000    0.000000
        0.000000    0.000000   10.000000

outcell: Cell vector modules (Ang)   :   10.000000   10.000000   10.000000
outcell: Cell angles (23,13,12) (deg):     90.0000     90.0000     90.0000
outcell: Cell volume (Ang**3)        :   1000.0000
<dSpData1D:S at geom step 36
  <sparsity:sparsity for geom step 36
    nrows_g=23 nrows=23 sparsity=1.0000 nnzs=529, refcount: 7>
  <dData1D:(new from dSpData1D) n=529, refcount: 1>
refcount: 1>
new_DM -- step:    36
Re-using DM from previous geometries...
Number of DMs in history: 1
 DM extrapolation coefficients: 
1   1.00000
New DM after history re-use:
<dSpData2D:SpM extrapolated using coords
  <sparsity:sparsity for geom step 36
    nrows_g=23 nrows=23 sparsity=1.0000 nnzs=529, refcount: 9>
  <dData2D:(temp array for extrapolation) n=529 m=1, refcount: 1>
refcount: 1>
Note: For starting DM, Qtot, Tr[D*S] =          8.00000000          8.05107513
No. of atoms with KB's overlaping orbs in proc 0. Max # of overlaps:       3      23

InitMesh: MESH = 108 x 108 x 108 = 1259712
InitMesh: Mesh cutoff (required, used) =   300.000   322.366 Ry
New grid distribution [1]: sub = 2
mkdir: no se puede crear el directorio «MD_steps»: El archivo ya existe
mkdir: no se puede crear el directorio «MD_steps/basis»: El archivo ya existe

        iscf     Eharris(eV)        E_KS(eV)     FreeEng(eV)     dDmax    Ef(eV) dHmax(eV)
   scf:    1     -465.606760     -465.996648     -465.996648  0.083103 -4.948648  0.768390
   scf:    2     -465.886841     -465.971046     -465.971046  0.042856 -4.469401  1.332941
   scf:    3     -466.022065     -466.008659     -466.008659  0.026662 -4.773412  0.031649
   scf:    4     -466.008730     -466.008696     -466.008696  0.000672 -4.770581  0.020646
   scf:    5     -466.008741     -466.008721     -466.008721  0.001065 -4.766260  0.007993
   scf:    6     -466.008723     -466.008722     -466.008722  0.000160 -4.765222  0.005328
   scf:    7     -466.008723     -466.008723     -466.008723  0.000197 -4.763514  0.001116
   scf:    8     -466.008723     -466.008723     -466.008723  0.000031 -4.763122  0.000700

SCF Convergence by DM+H criterion
max |DM_out - DM_in|         :     0.0000309661
max |H_out - H_in|      (eV) :     0.0006995646
SCF cycle converged after 8 iterations

Using DM_out to compute the final energy and forces
No. of atoms with KB's overlaping orbs in proc 0. Max # of overlaps:       3      23

siesta: E_KS(eV) =             -466.0087
mkdir: no se puede crear el directorio «MD_steps/35»: El archivo ya existe

siesta: Atomic forces (eV/Ang):
----------------------------------------
   Tot   -0.000000    0.000340   -0.001751
----------------------------------------
   Max    3.378326
   Res    1.792598    sqrt( Sum f_i^2 / 3N )
----------------------------------------
   Max    3.378326    constrained

Stress tensor Voigt[x,y,z,yz,xz,xy] (kbar):       -0.00       -2.66       -1.99       -3.21        0.00       -0.00
(Free)E + p*V (eV/cell)     -465.0417
Target enthalpy (eV/cell)     -466.0087

siesta: Stress tensor (static) (eV/Ang**3):
        -0.000001   -0.000000    0.000000
        -0.000000   -0.001406   -0.001883
         0.000000   -0.001883   -0.001156

siesta: Pressure (static):          1.36884314  kBar

siesta: Stress tensor (total) (eV/Ang**3):
        -0.000001   -0.000000    0.000000
        -0.000000   -0.001659   -0.002002
         0.000000   -0.002002   -0.001242

siesta: Pressure (total):          1.54936332  kBar

siesta: Temp_ion =     449.580 K

                     ====================================
                        Begin MD step =     37
                     ====================================

outcell: Unit cell vectors (Ang):
       10.000000    0.000000    0.000000
        0.000000   10.000000    0.000000
        0.000000    0.000000   10.000000

outcell: Cell vector modules (Ang)   :   10.000000   10.000000   10.000000
outcell: Cell angles (23,13,12) (deg):     90.0000     90.0000     90.0000
outcell: Cell volume (Ang**3)        :   1000.0000
<dSpData1D:S at geom step 37
  <sparsity:sparsity for geom step 37
    nrows_g=23 nrows=23 sparsity=1.0000 nnzs=529, refcount: 7>
  <dData1D:(new from dSpData1D) n=529, refcount: 1>
refcount: 1>
new_DM -- step:    37
Re-using DM from previous geometries...
Number of DMs in history: 1
 DM extrapolation coefficients: 
1   1.00000
New DM after history re-use:
<dSpData2D:SpM extrapolated using coords
  <sparsity:sparsity for geom step 37
    nrows_g=23 nrows=23 sparsity=1.0000 nnzs=529, refcount: 9>
  <dData2D:(temp array for extrapolation) n=529 m=1, refcount: 1>
refcount: 1>
Note: For starting DM, Qtot, Tr[D*S] =          8.00000000          8.03106152
No. of atoms with KB's overlaping orbs in proc 0. Max # of overlaps:       3      23

InitMesh: MESH = 108 x 108 x 108 = 1259712
InitMesh: Mesh cutoff (required, used) =   300.000   322.366 Ry
New grid distribution [1]: sub = 2
mkdir: no se puede crear el directorio «MD_steps»: El archivo ya existe
mkdir: no se puede crear el directorio «MD_steps/basis»: El archivo ya existe

        iscf     Eharris(eV)        E_KS(eV)     FreeEng(eV)     dDmax    Ef(eV) dHmax(eV)
   scf:    1     -465.689324     -465.934598     -465.934598  0.050097 -5.062193  0.461345
   scf:    2     -465.899127     -465.926694     -465.926694  0.023962 -4.774196  0.760441
   scf:    3     -465.943600     -465.939059     -465.939059  0.014688 -4.953710  0.024001
   scf:    4     -465.939100     -465.939079     -465.939079  0.000377 -4.952020  0.015339
   scf:    5     -465.939105     -465.939094     -465.939094  0.000619 -4.949136  0.005784
   scf:    6     -465.939095     -465.939094     -465.939094  0.000080 -4.948499  0.003919
   scf:    7     -465.939095     -465.939095     -465.939095  0.000152 -4.947095  0.000499
   scf:    8     -465.939095     -465.939095     -465.939095  0.000004 -4.947037  0.000303

SCF Convergence by DM+H criterion
max |DM_out - DM_in|         :     0.0000044028
max |H_out - H_in|      (eV) :     0.0003025416
SCF cycle converged after 8 iterations

Using DM_out to compute the final energy and forces
No. of atoms with KB's overlaping orbs in proc 0. Max # of overlaps:       3      23

siesta: E_KS(eV) =             -465.9391
mkdir: no se puede crear el directorio «MD_steps/36»: El archivo ya existe

siesta: Atomic forces (eV/Ang):
----------------------------------------
   Tot    0.000000    0.000412   -0.002112
----------------------------------------
   Max    3.712713
   Res    2.216955    sqrt( Sum f_i^2 / 3N )
----------------------------------------
   Max    3.712713    constrained

Stress tensor Voigt[x,y,z,yz,xz,xy] (kbar):       -0.00       -5.69       -3.20       -2.55       -0.00       -0.00
(Free)E + p*V (eV/cell)     -464.0886
Target enthalpy (eV/cell)     -465.9391

siesta: Stress tensor (static) (eV/Ang**3):
        -0.000001    0.000000   -0.000000
         0.000000   -0.003353   -0.001581
        -0.000000   -0.001581   -0.001965

siesta: Pressure (static):          2.84066274  kBar

siesta: Stress tensor (total) (eV/Ang**3):
        -0.000001    0.000000   -0.000000
        -0.000000   -0.003553   -0.001592
        -0.000000   -0.001592   -0.001998

siesta: Pressure (total):          2.96480516  kBar

siesta: Temp_ion =     224.537 K

                     ====================================
                        Begin MD step =     38
                     ====================================

outcell: Unit cell vectors (Ang):
       10.000000    0.000000    0.000000
        0.000000   10.000000    0.000000
        0.000000    0.000000   10.000000

outcell: Cell vector modules (Ang)   :   10.000000   10.000000   10.000000
outcell: Cell angles (23,13,12) (deg):     90.0000     90.0000     90.0000
outcell: Cell volume (Ang**3)        :   1000.0000
<dSpData1D:S at geom step 38
  <sparsity:sparsity for geom step 38
    nrows_g=23 nrows=23 sparsity=1.0000 nnzs=529, refcount: 7>
  <dData1D:(new from dSpData1D) n=529, refcount: 1>
refcount: 1>
new_DM -- step:    38
Re-using DM from previous geometries...
Number of DMs in history: 1
 DM extrapolation coefficients: 
1   1.00000
New DM after history re-use:
<dSpData2D:SpM extrapolated using coords
  <sparsity:sparsity for geom step 38
    nrows_g=23 nrows=23 sparsity=1.0000 nnzs=529, refcount: 9>
  <dData2D:(temp array for extrapolation) n=529 m=1, refcount: 1>
refcount: 1>
Note: For starting DM, Qtot, Tr[D*S] =          8.00000000          7.99144114
No. of atoms with KB's overlaping orbs in proc 0. Max # of overlaps:       3      23

InitMesh: MESH = 108 x 108 x 108 = 1259712
InitMesh: Mesh cutoff (required, used) =   300.000   322.366 Ry
New grid distribution [1]: sub = 2
mkdir: no se puede crear el directorio «MD_steps»: El archivo ya existe
mkdir: no se puede crear el directorio «MD_steps/basis»: El archivo ya existe

        iscf     Eharris(eV)        E_KS(eV)     FreeEng(eV)     dDmax    Ef(eV) dHmax(eV)
   scf:    1     -466.046569     -466.002159     -466.002159  0.026813 -4.911982  0.218688
   scf:    2     -465.998513     -466.002666     -466.002666  0.007715 -5.006499  0.237873
   scf:    3     -466.005988     -466.004957     -466.004957  0.004491 -4.950786  0.023591
   scf:    4     -466.005001     -466.004981     -466.004981  0.000170 -4.948980  0.012568
   scf:    5     -466.004996     -466.004990     -466.004990  0.000164 -4.947950  0.002538
   scf:    6     -466.004990     -466.004990     -466.004990  0.000027 -4.948130  0.001899
   scf:    7     -466.004990     -466.004990     -466.004990  0.000035 -4.948343  0.000714

SCF Convergence by DM+H criterion
max |DM_out - DM_in|         :     0.0000352379
max |H_out - H_in|      (eV) :     0.0007136031
SCF cycle converged after 7 iterations

Using DM_out to compute the final energy and forces
No. of atoms with KB's overlaping orbs in proc 0. Max # of overlaps:       3      23

siesta: E_KS(eV) =             -466.0050
mkdir: no se puede crear el directorio «MD_steps/37»: El archivo ya existe

siesta: Atomic forces (eV/Ang):
----------------------------------------
   Tot   -0.000000   -0.000165   -0.003271
----------------------------------------
   Max    2.955410
   Res    1.570354    sqrt( Sum f_i^2 / 3N )
----------------------------------------
   Max    2.955410    constrained

Stress tensor Voigt[x,y,z,yz,xz,xy] (kbar):       -0.00       -5.19       -2.65        0.19       -0.00       -0.00
(Free)E + p*V (eV/cell)     -464.3733
Target enthalpy (eV/cell)     -466.0050

siesta: Stress tensor (static) (eV/Ang**3):
        -0.000001   -0.000000   -0.000000
        -0.000000   -0.003144    0.000096
        -0.000000    0.000095   -0.001634

siesta: Pressure (static):          2.55229753  kBar

siesta: Stress tensor (total) (eV/Ang**3):
        -0.000001   -0.000000   -0.000000
        -0.000000   -0.003238    0.000122
        -0.000000    0.000121   -0.001657

siesta: Pressure (total):          2.61429893  kBar

siesta: Temp_ion =     431.270 K

                     ====================================
                        Begin MD step =     39
                     ====================================

outcell: Unit cell vectors (Ang):
       10.000000    0.000000    0.000000
        0.000000   10.000000    0.000000
        0.000000    0.000000   10.000000

outcell: Cell vector modules (Ang)   :   10.000000   10.000000   10.000000
outcell: Cell angles (23,13,12) (deg):     90.0000     90.0000     90.0000
outcell: Cell volume (Ang**3)        :   1000.0000
<dSpData1D:S at geom step 39
  <sparsity:sparsity for geom step 39
    nrows_g=23 nrows=23 sparsity=1.0000 nnzs=529, refcount: 7>
  <dData1D:(new from dSpData1D) n=529, refcount: 1>
refcount: 1>
new_DM -- step:    39
Re-using DM from previous geometries...
Number of DMs in history: 1
 DM extrapolation coefficients: 
1   1.00000
New DM after history re-use:
<dSpData2D:SpM extrapolated using coords
  <sparsity:sparsity for geom step 39
    nrows_g=23 nrows=23 sparsity=1.0000 nnzs=529, refcount: 9>
  <dData2D:(temp array for extrapolation) n=529 m=1, refcount: 1>
refcount: 1>
Note: For starting DM, Qtot, Tr[D*S] =          8.00000000          7.95710735
No. of atoms with KB's overlaping orbs in proc 0. Max # of overlaps:       3      23

InitMesh: MESH = 108 x 108 x 108 = 1259712
InitMesh: Mesh cutoff (required, used) =   300.000   322.366 Ry
New grid distribution [1]: sub = 2
mkdir: no se puede crear el directorio «MD_steps»: El archivo ya existe
mkdir: no se puede crear el directorio «MD_steps/basis»: El archivo ya existe

        iscf     Eharris(eV)        E_KS(eV)     FreeEng(eV)     dDmax    Ef(eV) dHmax(eV)
   scf:    1     -466.315403     -466.045311     -466.045311  0.063812 -4.655785  0.632556
   scf:    2     -465.964562     -466.027625     -466.027625  0.037520 -5.071867  1.129162
   scf:    3     -466.066435     -466.056037     -466.056037  0.023717 -4.808037  0.047695
   scf:    4     -466.056196     -466.056121     -466.056121  0.000336 -4.808597  0.027370
   scf:    5     -466.056190     -466.056162     -466.056162  0.000600 -4.810952  0.007622
   scf:    6     -466.056164     -466.056163     -466.056163  0.000148 -4.812024  0.005467
   scf:    7     -466.056164     -466.056164     -466.056164  0.000234 -4.813704  0.001407
   scf:    8     -466.056164     -466.056164     -466.056164  0.000028 -4.813917  0.000596

SCF Convergence by DM+H criterion
max |DM_out - DM_in|         :     0.0000278294
max |H_out - H_in|      (eV) :     0.0005955685
SCF cycle converged after 8 iterations

Using DM_out to compute the final energy and forces
No. of atoms with KB's overlaping orbs in proc 0. Max # of overlaps:       3      23

siesta: E_KS(eV) =             -466.0562
mkdir: no se puede crear el directorio «MD_steps/38»: El archivo ya existe

siesta: Atomic forces (eV/Ang):
----------------------------------------
   Tot    0.000000    0.000207   -0.001511
----------------------------------------
   Max    2.655205
   Res    1.324695    sqrt( Sum f_i^2 / 3N )
----------------------------------------
   Max    2.655205    constrained

Stress tensor Voigt[x,y,z,yz,xz,xy] (kbar):       -0.00       -2.31       -1.06        2.20        0.00        0.00
(Free)E + p*V (eV/cell)     -465.3551
Target enthalpy (eV/cell)     -466.0562

siesta: Stress tensor (static) (eV/Ang**3):
        -0.000001    0.000000   -0.000000
         0.000000   -0.001342    0.001475
         0.000000    0.001475   -0.000537

siesta: Pressure (static):          1.00418334  kBar

siesta: Stress tensor (total) (eV/Ang**3):
        -0.000001    0.000000   -0.000000
         0.000000   -0.001444    0.001374
         0.000000    0.001374   -0.000659

siesta: Pressure (total):          1.12326972  kBar

siesta: Temp_ion =     622.676 K

                     ====================================
                        Begin MD step =     40
                     ====================================

outcell: Unit cell vectors (Ang):
       10.000000    0.000000    0.000000
        0.000000   10.000000    0.000000
        0.000000    0.000000   10.000000

outcell: Cell vector modules (Ang)   :   10.000000   10.000000   10.000000
outcell: Cell angles (23,13,12) (deg):     90.0000     90.0000     90.0000
outcell: Cell volume (Ang**3)        :   1000.0000
<dSpData1D:S at geom step 40
  <sparsity:sparsity for geom step 40
    nrows_g=23 nrows=23 sparsity=1.0000 nnzs=529, refcount: 7>
  <dData1D:(new from dSpData1D) n=529, refcount: 1>
refcount: 1>
new_DM -- step:    40
Re-using DM from previous geometries...
Number of DMs in history: 1
 DM extrapolation coefficients: 
1   1.00000
New DM after history re-use:
<dSpData2D:SpM extrapolated using coords
  <sparsity:sparsity for geom step 40
    nrows_g=23 nrows=23 sparsity=1.0000 nnzs=529, refcount: 9>
  <dData2D:(temp array for extrapolation) n=529 m=1, refcount: 1>
refcount: 1>
Note: For starting DM, Qtot, Tr[D*S] =          8.00000000          7.94377939
No. of atoms with KB's overlaping orbs in proc 0. Max # of overlaps:       3      23

InitMesh: MESH = 108 x 108 x 108 = 1259712
InitMesh: Mesh cutoff (required, used) =   300.000   322.366 Ry
New grid distribution [1]: sub = 2
mkdir: no se puede crear el directorio «MD_steps»: El archivo ya existe
mkdir: no se puede crear el directorio «MD_steps/basis»: El archivo ya existe

        iscf     Eharris(eV)        E_KS(eV)     FreeEng(eV)     dDmax    Ef(eV) dHmax(eV)
   scf:    1     -466.365575     -466.015786     -466.015786  0.083509 -4.460998  0.855212
   scf:    2     -465.846905     -465.974822     -465.974822  0.054911 -5.008728  1.613653
   scf:    3     -466.051698     -466.031752     -466.031752  0.035837 -4.651273  0.029820
   scf:    4     -466.031822     -466.031789     -466.031789  0.000607 -4.652040  0.020718
   scf:    5     -466.031827     -466.031810     -466.031810  0.001029 -4.655267  0.007827
   scf:    6     -466.031813     -466.031812     -466.031812  0.000345 -4.657235  0.004967
   scf:    7     -466.031812     -466.031812     -466.031812  0.000259 -4.659000  0.001654
   scf:    8     -466.031812     -466.031812     -466.031812  0.000042 -4.659422  0.000786

SCF Convergence by DM+H criterion
max |DM_out - DM_in|         :     0.0000422973
max |H_out - H_in|      (eV) :     0.0007860071
SCF cycle converged after 8 iterations

Using DM_out to compute the final energy and forces
No. of atoms with KB's overlaping orbs in proc 0. Max # of overlaps:       3      23

siesta: E_KS(eV) =             -466.0318
mkdir: no se puede crear el directorio «MD_steps/39»: El archivo ya existe

siesta: Atomic forces (eV/Ang):
----------------------------------------
   Tot    0.000000    0.000287   -0.003014
----------------------------------------
   Max    2.637657
   Res    1.280420    sqrt( Sum f_i^2 / 3N )
----------------------------------------
   Max    2.637657    constrained

Stress tensor Voigt[x,y,z,yz,xz,xy] (kbar):       -0.00        1.19        0.86        2.49        0.00        0.00
(Free)E + p*V (eV/cell)     -466.4569
Target enthalpy (eV/cell)     -466.0318

siesta: Stress tensor (static) (eV/Ang**3):
        -0.000001    0.000000   -0.000000
         0.000000    0.000867    0.001682
         0.000000    0.001682    0.000731

siesta: Pressure (static):         -0.85294574  kBar

siesta: Stress tensor (total) (eV/Ang**3):
        -0.000001    0.000000   -0.000000
         0.000000    0.000742    0.001555
         0.000000    0.001556    0.000535

siesta: Pressure (total):         -0.68100640  kBar

siesta: Temp_ion =     537.720 K

                     ====================================
                        Begin MD step =     41
                     ====================================

outcell: Unit cell vectors (Ang):
       10.000000    0.000000    0.000000
        0.000000   10.000000    0.000000
        0.000000    0.000000   10.000000

outcell: Cell vector modules (Ang)   :   10.000000   10.000000   10.000000
outcell: Cell angles (23,13,12) (deg):     90.0000     90.0000     90.0000
outcell: Cell volume (Ang**3)        :   1000.0000
<dSpData1D:S at geom step 41
  <sparsity:sparsity for geom step 41
    nrows_g=23 nrows=23 sparsity=1.0000 nnzs=529, refcount: 7>
  <dData1D:(new from dSpData1D) n=529, refcount: 1>
refcount: 1>
new_DM -- step:    41
Re-using DM from previous geometries...
Number of DMs in history: 1
 DM extrapolation coefficients: 
1   1.00000
New DM after history re-use:
<dSpData2D:SpM extrapolated using coords
  <sparsity:sparsity for geom step 41
    nrows_g=23 nrows=23 sparsity=1.0000 nnzs=529, refcount: 9>
  <dData2D:(temp array for extrapolation) n=529 m=1, refcount: 1>
refcount: 1>
Note: For starting DM, Qtot, Tr[D*S] =          8.00000000          7.95368176
No. of atoms with KB's overlaping orbs in proc 0. Max # of overlaps:       3      23

InitMesh: MESH = 108 x 108 x 108 = 1259712
InitMesh: Mesh cutoff (required, used) =   300.000   322.366 Ry
New grid distribution [1]: sub = 2
mkdir: no se puede crear el directorio «MD_steps»: El archivo ya existe
mkdir: no se puede crear el directorio «MD_steps/basis»: El archivo ya existe

        iscf     Eharris(eV)        E_KS(eV)     FreeEng(eV)     dDmax    Ef(eV) dHmax(eV)
   scf:    1     -466.234296     -465.950720     -465.950720  0.068498 -4.409474  0.735536
   scf:    2     -465.810993     -465.915869     -465.915869  0.049931 -4.869068  1.454088
   scf:    3     -465.978276     -465.962517     -465.962517  0.033217 -4.562920  0.020922
   scf:    4     -465.962564     -465.962542     -465.962542  0.000579 -4.563132  0.014352
   scf:    5     -465.962566     -465.962555     -465.962555  0.000948 -4.565173  0.006867
   scf:    6     -465.962556     -465.962555     -465.962555  0.000293 -4.566647  0.004399
   scf:    7     -465.962556     -465.962556     -465.962556  0.000221 -4.568086  0.001455
   scf:    8     -465.962556     -465.962556     -465.962556  0.000036 -4.568483  0.000797

SCF Convergence by DM+H criterion
max |DM_out - DM_in|         :     0.0000357402
max |H_out - H_in|      (eV) :     0.0007973336
SCF cycle converged after 8 iterations

Using DM_out to compute the final energy and forces
No. of atoms with KB's overlaping orbs in proc 0. Max # of overlaps:       3      23

siesta: E_KS(eV) =             -465.9626
mkdir: no se puede crear el directorio «MD_steps/40»: El archivo ya existe

siesta: Atomic forces (eV/Ang):
----------------------------------------
   Tot    0.000000    0.000277   -0.003257
----------------------------------------
   Max    2.510175
   Res    1.458694    sqrt( Sum f_i^2 / 3N )
----------------------------------------
   Max    2.510175    constrained

Stress tensor Voigt[x,y,z,yz,xz,xy] (kbar):       -0.00        3.81        2.44        1.89       -0.00        0.00
(Free)E + p*V (eV/cell)     -467.2634
Target enthalpy (eV/cell)     -465.9626

siesta: Stress tensor (static) (eV/Ang**3):
        -0.000001    0.000000    0.000000
         0.000000    0.002483    0.001182
        -0.000000    0.001182    0.001699

siesta: Pressure (static):         -2.23260610  kBar

siesta: Stress tensor (total) (eV/Ang**3):
        -0.000001    0.000000   -0.000000
         0.000000    0.002380    0.001177
        -0.000000    0.001177    0.001524

siesta: Pressure (total):         -2.08412561  kBar

siesta: Temp_ion =     293.368 K

                     ====================================
                        Begin MD step =     42
                     ====================================

outcell: Unit cell vectors (Ang):
       10.000000    0.000000    0.000000
        0.000000   10.000000    0.000000
        0.000000    0.000000   10.000000

outcell: Cell vector modules (Ang)   :   10.000000   10.000000   10.000000
outcell: Cell angles (23,13,12) (deg):     90.0000     90.0000     90.0000
outcell: Cell volume (Ang**3)        :   1000.0000
<dSpData1D:S at geom step 42
  <sparsity:sparsity for geom step 42
    nrows_g=23 nrows=23 sparsity=1.0000 nnzs=529, refcount: 7>
  <dData1D:(new from dSpData1D) n=529, refcount: 1>
refcount: 1>
new_DM -- step:    42
Re-using DM from previous geometries...
Number of DMs in history: 1
 DM extrapolation coefficients: 
1   1.00000
New DM after history re-use:
<dSpData2D:SpM extrapolated using coords
  <sparsity:sparsity for geom step 42
    nrows_g=23 nrows=23 sparsity=1.0000 nnzs=529, refcount: 9>
  <dData2D:(temp array for extrapolation) n=529 m=1, refcount: 1>
refcount: 1>
Note: For starting DM, Qtot, Tr[D*S] =          8.00000000          7.98019116
No. of atoms with KB's overlaping orbs in proc 0. Max # of overlaps:       3      23

InitMesh: MESH = 108 x 108 x 108 = 1259712
InitMesh: Mesh cutoff (required, used) =   300.000   322.366 Ry
New grid distribution [1]: sub = 2
mkdir: no se puede crear el directorio «MD_steps»: El archivo ya existe
mkdir: no se puede crear el directorio «MD_steps/basis»: El archivo ya existe

        iscf     Eharris(eV)        E_KS(eV)     FreeEng(eV)     dDmax    Ef(eV) dHmax(eV)
   scf:    1     -466.042573     -465.928341     -465.928341  0.028744 -4.492892  0.334502
   scf:    2     -465.897575     -465.921417     -465.921417  0.022912 -4.698330  0.670459
   scf:    3     -465.935840     -465.932209     -465.932209  0.015186 -4.561281  0.036788
   scf:    4     -465.932304     -465.932260     -465.932260  0.000294 -4.560733  0.020320
   scf:    5     -465.932297     -465.932284     -465.932284  0.000338 -4.560894  0.004092
   scf:    6     -465.932284     -465.932284     -465.932284  0.000067 -4.561319  0.002964
   scf:    7     -465.932284     -465.932284     -465.932284  0.000121 -4.562089  0.000635
   scf:    8     -465.932284     -465.932284     -465.932284  0.000013 -4.562195  0.000309

SCF Convergence by DM+H criterion
max |DM_out - DM_in|         :     0.0000125258
max |H_out - H_in|      (eV) :     0.0003087536
SCF cycle converged after 8 iterations

Using DM_out to compute the final energy and forces
No. of atoms with KB's overlaping orbs in proc 0. Max # of overlaps:       3      23

siesta: E_KS(eV) =             -465.9323
mkdir: no se puede crear el directorio «MD_steps/41»: El archivo ya existe

siesta: Atomic forces (eV/Ang):
----------------------------------------
   Tot    0.000000    0.001567   -0.001675
----------------------------------------
   Max    3.139778
   Res    1.580456    sqrt( Sum f_i^2 / 3N )
----------------------------------------
   Max    3.139778    constrained

Stress tensor Voigt[x,y,z,yz,xz,xy] (kbar):       -0.00        4.80        3.22        0.84        0.00        0.00
(Free)E + p*V (eV/cell)     -467.6012
Target enthalpy (eV/cell)     -465.9323

siesta: Stress tensor (static) (eV/Ang**3):
        -0.000001    0.000000    0.000000
        -0.000000    0.003053    0.000460
         0.000000    0.000459    0.002106

siesta: Pressure (static):         -2.75484580  kBar

siesta: Stress tensor (total) (eV/Ang**3):
        -0.000001    0.000000    0.000000
         0.000000    0.002997    0.000524
         0.000000    0.000524    0.002011

siesta: Pressure (total):         -2.67383812  kBar

siesta: Temp_ion =     188.982 K

                     ====================================
                        Begin MD step =     43
                     ====================================

outcell: Unit cell vectors (Ang):
       10.000000    0.000000    0.000000
        0.000000   10.000000    0.000000
        0.000000    0.000000   10.000000

outcell: Cell vector modules (Ang)   :   10.000000   10.000000   10.000000
outcell: Cell angles (23,13,12) (deg):     90.0000     90.0000     90.0000
outcell: Cell volume (Ang**3)        :   1000.0000
<dSpData1D:S at geom step 43
  <sparsity:sparsity for geom step 43
    nrows_g=23 nrows=23 sparsity=1.0000 nnzs=529, refcount: 7>
  <dData1D:(new from dSpData1D) n=529, refcount: 1>
refcount: 1>
new_DM -- step:    43
Re-using DM from previous geometries...
Number of DMs in history: 1
 DM extrapolation coefficients: 
1   1.00000
New DM after history re-use:
<dSpData2D:SpM extrapolated using coords
  <sparsity:sparsity for geom step 43
    nrows_g=23 nrows=23 sparsity=1.0000 nnzs=529, refcount: 9>
  <dData2D:(temp array for extrapolation) n=529 m=1, refcount: 1>
refcount: 1>
Note: For starting DM, Qtot, Tr[D*S] =          8.00000000          8.01258491
No. of atoms with KB's overlaping orbs in proc 0. Max # of overlaps:       3      23

InitMesh: MESH = 108 x 108 x 108 = 1259712
InitMesh: Mesh cutoff (required, used) =   300.000   322.366 Ry
New grid distribution [1]: sub = 2
mkdir: no se puede crear el directorio «MD_steps»: El archivo ya existe
mkdir: no se puede crear el directorio «MD_steps/basis»: El archivo ya existe

        iscf     Eharris(eV)        E_KS(eV)     FreeEng(eV)     dDmax    Ef(eV) dHmax(eV)
   scf:    1     -465.874328     -465.982653     -465.982653  0.026318 -4.677717  0.197928
   scf:    2     -465.971805     -465.981167     -465.981167  0.012431 -4.565548  0.378849
   scf:    3     -465.987307     -465.985669     -465.985669  0.007975 -4.638197  0.032326
   scf:    4     -465.985750     -465.985712     -465.985712  0.000288 -4.639323  0.016215
   scf:    5     -465.985736     -465.985727     -465.985727  0.000250 -4.639834  0.004216
   scf:    6     -465.985727     -465.985727     -465.985727  0.000051 -4.639520  0.003032
   scf:    7     -465.985727     -465.985727     -465.985727  0.000106 -4.638827  0.000393
   scf:    8     -465.985727     -465.985727     -465.985727  0.000005 -4.638763  0.000258

SCF Convergence by DM+H criterion
max |DM_out - DM_in|         :     0.0000049778
max |H_out - H_in|      (eV) :     0.0002577567
SCF cycle converged after 8 iterations

Using DM_out to compute the final energy and forces
No. of atoms with KB's overlaping orbs in proc 0. Max # of overlaps:       3      23

siesta: E_KS(eV) =             -465.9857
mkdir: no se puede crear el directorio «MD_steps/42»: El archivo ya existe

siesta: Atomic forces (eV/Ang):
----------------------------------------
   Tot   -0.000000    0.000668   -0.001861
----------------------------------------
   Max    2.785982
   Res    1.379985    sqrt( Sum f_i^2 / 3N )
----------------------------------------
   Max    2.785982    constrained

Stress tensor Voigt[x,y,z,yz,xz,xy] (kbar):       -0.00        3.89        2.88       -0.58        0.00        0.00
(Free)E + p*V (eV/cell)     -467.3938
Target enthalpy (eV/cell)     -465.9857

siesta: Stress tensor (static) (eV/Ang**3):
        -0.000001    0.000000    0.000000
         0.000000    0.002485   -0.000371
         0.000000   -0.000371    0.001838

siesta: Pressure (static):         -2.30816085  kBar

siesta: Stress tensor (total) (eV/Ang**3):
        -0.000001    0.000000   -0.000000
         0.000000    0.002427   -0.000362
         0.000000   -0.000362    0.001799

siesta: Pressure (total):         -2.25597718  kBar

siesta: Temp_ion =     376.364 K

                     ====================================
                        Begin MD step =     44
                     ====================================

outcell: Unit cell vectors (Ang):
       10.000000    0.000000    0.000000
        0.000000   10.000000    0.000000
        0.000000    0.000000   10.000000

outcell: Cell vector modules (Ang)   :   10.000000   10.000000   10.000000
outcell: Cell angles (23,13,12) (deg):     90.0000     90.0000     90.0000
outcell: Cell volume (Ang**3)        :   1000.0000
<dSpData1D:S at geom step 44
  <sparsity:sparsity for geom step 44
    nrows_g=23 nrows=23 sparsity=1.0000 nnzs=529, refcount: 7>
  <dData1D:(new from dSpData1D) n=529, refcount: 1>
refcount: 1>
new_DM -- step:    44
Re-using DM from previous geometries...
Number of DMs in history: 1
 DM extrapolation coefficients: 
1   1.00000
New DM after history re-use:
<dSpData2D:SpM extrapolated using coords
  <sparsity:sparsity for geom step 44
    nrows_g=23 nrows=23 sparsity=1.0000 nnzs=529, refcount: 9>
  <dData2D:(temp array for extrapolation) n=529 m=1, refcount: 1>
refcount: 1>
Note: For starting DM, Qtot, Tr[D*S] =          8.00000000          8.03950696
No. of atoms with KB's overlaping orbs in proc 0. Max # of overlaps:       3      23

InitMesh: MESH = 108 x 108 x 108 = 1259712
InitMesh: Mesh cutoff (required, used) =   300.000   322.366 Ry
New grid distribution [1]: sub = 2
mkdir: no se puede crear el directorio «MD_steps»: El archivo ya existe
mkdir: no se puede crear el directorio «MD_steps/basis»: El archivo ya existe

        iscf     Eharris(eV)        E_KS(eV)     FreeEng(eV)     dDmax    Ef(eV) dHmax(eV)
   scf:    1     -465.717542     -466.039129     -466.039129  0.062979 -4.942075  0.632692
   scf:    2     -465.942668     -466.016087     -466.016087  0.038559 -4.559636  1.209016
   scf:    3     -466.060034     -466.048951     -466.048951  0.024915 -4.810404  0.035208
   scf:    4     -466.049076     -466.049017     -466.049017  0.000534 -4.809299  0.020107
   scf:    5     -466.049072     -466.049050     -466.049050  0.000780 -4.807627  0.007804
   scf:    6     -466.049051     -466.049051     -466.049051  0.000122 -4.806923  0.005675
   scf:    7     -466.049052     -466.049051     -466.049051  0.000285 -4.804894  0.000606
   scf:    8     -466.049051     -466.049051     -466.049051  0.000015 -4.804687  0.000425

SCF Convergence by DM+H criterion
max |DM_out - DM_in|         :     0.0000154492
max |H_out - H_in|      (eV) :     0.0004251321
SCF cycle converged after 8 iterations

Using DM_out to compute the final energy and forces
No. of atoms with KB's overlaping orbs in proc 0. Max # of overlaps:       3      23

siesta: E_KS(eV) =             -466.0491
mkdir: no se puede crear el directorio «MD_steps/43»: El archivo ya existe

siesta: Atomic forces (eV/Ang):
----------------------------------------
   Tot   -0.000000    0.000115   -0.000692
----------------------------------------
   Max    2.015342
   Res    1.074033    sqrt( Sum f_i^2 / 3N )
----------------------------------------
   Max    2.015342    constrained

Stress tensor Voigt[x,y,z,yz,xz,xy] (kbar):       -0.00        1.06        1.26       -2.20       -0.00       -0.00
(Free)E + p*V (eV/cell)     -466.5326
Target enthalpy (eV/cell)     -466.0491

siesta: Stress tensor (static) (eV/Ang**3):
        -0.000001   -0.000000   -0.000000
        -0.000000    0.000805   -0.001283
        -0.000000   -0.001283    0.000842

siesta: Pressure (static):         -0.87871100  kBar

siesta: Stress tensor (total) (eV/Ang**3):
        -0.000001   -0.000000   -0.000000
        -0.000000    0.000664   -0.001370
        -0.000000   -0.001370    0.000788

siesta: Pressure (total):         -0.77478555  kBar

siesta: Temp_ion =     587.618 K

                     ====================================
                        Begin MD step =     45
                     ====================================

outcell: Unit cell vectors (Ang):
       10.000000    0.000000    0.000000
        0.000000   10.000000    0.000000
        0.000000    0.000000   10.000000

outcell: Cell vector modules (Ang)   :   10.000000   10.000000   10.000000
outcell: Cell angles (23,13,12) (deg):     90.0000     90.0000     90.0000
outcell: Cell volume (Ang**3)        :   1000.0000
<dSpData1D:S at geom step 45
  <sparsity:sparsity for geom step 45
    nrows_g=23 nrows=23 sparsity=1.0000 nnzs=529, refcount: 7>
  <dData1D:(new from dSpData1D) n=529, refcount: 1>
refcount: 1>
new_DM -- step:    45
Re-using DM from previous geometries...
Number of DMs in history: 1
 DM extrapolation coefficients: 
1   1.00000
New DM after history re-use:
<dSpData2D:SpM extrapolated using coords
  <sparsity:sparsity for geom step 45
    nrows_g=23 nrows=23 sparsity=1.0000 nnzs=529, refcount: 9>
  <dData2D:(temp array for extrapolation) n=529 m=1, refcount: 1>
refcount: 1>
Note: For starting DM, Qtot, Tr[D*S] =          8.00000000          8.04955255
No. of atoms with KB's overlaping orbs in proc 0. Max # of overlaps:       3      23

InitMesh: MESH = 108 x 108 x 108 = 1259712
InitMesh: Mesh cutoff (required, used) =   300.000   322.366 Ry
New grid distribution [1]: sub = 2
mkdir: no se puede crear el directorio «MD_steps»: El archivo ya existe
mkdir: no se puede crear el directorio «MD_steps/basis»: El archivo ya existe

        iscf     Eharris(eV)        E_KS(eV)     FreeEng(eV)     dDmax    Ef(eV) dHmax(eV)
   scf:    1     -465.584011     -466.000432     -466.000432  0.080717 -5.208952  0.798723
   scf:    2     -465.865867     -465.968235     -465.968235  0.044471 -4.713548  1.448203
   scf:    3     -466.029772     -466.013856     -466.013856  0.028071 -5.031868  0.022775
   scf:    4     -466.013903     -466.013880     -466.013880  0.000643 -5.029047  0.015962
   scf:    5     -466.013913     -466.013898     -466.013898  0.001038 -5.024851  0.006797
   scf:    6     -466.013900     -466.013899     -466.013899  0.000208 -5.023623  0.004074
   scf:    7     -466.013899     -466.013899     -466.013899  0.000142 -5.022335  0.001411
   scf:    8     -466.013899     -466.013899     -466.013899  0.000042 -5.021765  0.000880

SCF Convergence by DM+H criterion
max |DM_out - DM_in|         :     0.0000423950
max |H_out - H_in|      (eV) :     0.0008800129
SCF cycle converged after 8 iterations

Using DM_out to compute the final energy and forces
No. of atoms with KB's overlaping orbs in proc 0. Max # of overlaps:       3      23

siesta: E_KS(eV) =             -466.0139
mkdir: no se puede crear el directorio «MD_steps/44»: El archivo ya existe

siesta: Atomic forces (eV/Ang):
----------------------------------------
   Tot    0.000000   -0.000182   -0.001676
----------------------------------------
   Max    3.059406
   Res    1.555541    sqrt( Sum f_i^2 / 3N )
----------------------------------------
   Max    3.059406    constrained

Stress tensor Voigt[x,y,z,yz,xz,xy] (kbar):       -0.00       -2.85       -1.15       -3.18        0.00       -0.00
(Free)E + p*V (eV/cell)     -465.1816
Target enthalpy (eV/cell)     -466.0139

siesta: Stress tensor (static) (eV/Ang**3):
        -0.000001   -0.000000   -0.000000
        -0.000000   -0.001572   -0.001892
         0.000000   -0.001892   -0.000620

siesta: Pressure (static):          1.17119724  kBar

siesta: Stress tensor (total) (eV/Ang**3):
        -0.000001   -0.000000    0.000000
        -0.000000   -0.001779   -0.001983
         0.000000   -0.001983   -0.000716

siesta: Pressure (total):          1.33345598  kBar

siesta: Temp_ion =     468.326 K

                     ====================================
                        Begin MD step =     46
                     ====================================

outcell: Unit cell vectors (Ang):
       10.000000    0.000000    0.000000
        0.000000   10.000000    0.000000
        0.000000    0.000000   10.000000

outcell: Cell vector modules (Ang)   :   10.000000   10.000000   10.000000
outcell: Cell angles (23,13,12) (deg):     90.0000     90.0000     90.0000
outcell: Cell volume (Ang**3)        :   1000.0000
<dSpData1D:S at geom step 46
  <sparsity:sparsity for geom step 46
    nrows_g=23 nrows=23 sparsity=1.0000 nnzs=529, refcount: 7>
  <dData1D:(new from dSpData1D) n=529, refcount: 1>
refcount: 1>
new_DM -- step:    46
Re-using DM from previous geometries...
Number of DMs in history: 1
 DM extrapolation coefficients: 
1   1.00000
New DM after history re-use:
<dSpData2D:SpM extrapolated using coords
  <sparsity:sparsity for geom step 46
    nrows_g=23 nrows=23 sparsity=1.0000 nnzs=529, refcount: 9>
  <dData2D:(temp array for extrapolation) n=529 m=1, refcount: 1>
refcount: 1>
Note: For starting DM, Qtot, Tr[D*S] =          8.00000000          8.03526428
No. of atoms with KB's overlaping orbs in proc 0. Max # of overlaps:       3      23

InitMesh: MESH = 108 x 108 x 108 = 1259712
InitMesh: Mesh cutoff (required, used) =   300.000   322.366 Ry
New grid distribution [1]: sub = 2
mkdir: no se puede crear el directorio «MD_steps»: El archivo ya existe
mkdir: no se puede crear el directorio «MD_steps/basis»: El archivo ya existe

        iscf     Eharris(eV)        E_KS(eV)     FreeEng(eV)     dDmax    Ef(eV) dHmax(eV)
   scf:    1     -465.656284     -465.946878     -465.946878  0.056671 -5.310244  0.562880
   scf:    2     -465.886343     -465.933167     -465.933167  0.029650 -4.951640  0.980250
   scf:    3     -465.961735     -465.954153     -465.954153  0.018369 -5.176973  0.028962
   scf:    4     -465.954217     -465.954187     -465.954187  0.000400 -5.174931  0.017681
   scf:    5     -465.954218     -465.954205     -465.954205  0.000605 -5.171956  0.006231
   scf:    6     -465.954206     -465.954205     -465.954205  0.000090 -5.171327  0.004435
   scf:    7     -465.954206     -465.954206     -465.954206  0.000196 -5.169700  0.000579
   scf:    8     -465.954206     -465.954206     -465.954206  0.000011 -5.169544  0.000362

SCF Convergence by DM+H criterion
max |DM_out - DM_in|         :     0.0000114073
max |H_out - H_in|      (eV) :     0.0003615081
SCF cycle converged after 8 iterations

Using DM_out to compute the final energy and forces
No. of atoms with KB's overlaping orbs in proc 0. Max # of overlaps:       3      23

siesta: E_KS(eV) =             -465.9542
mkdir: no se puede crear el directorio «MD_steps/45»: El archivo ya existe

siesta: Atomic forces (eV/Ang):
----------------------------------------
   Tot    0.000000    0.001260   -0.002751
----------------------------------------
   Max    3.485386
   Res    1.880091    sqrt( Sum f_i^2 / 3N )
----------------------------------------
   Max    3.485386    constrained

Stress tensor Voigt[x,y,z,yz,xz,xy] (kbar):       -0.00       -5.70       -2.79       -2.06       -0.00        0.00
(Free)E + p*V (eV/cell)     -464.1866
Target enthalpy (eV/cell)     -465.9542

siesta: Stress tensor (static) (eV/Ang**3):
        -0.000001   -0.000000   -0.000000
         0.000000   -0.003405   -0.001312
        -0.000000   -0.001312   -0.001654

siesta: Pressure (static):          2.70268146  kBar

siesta: Stress tensor (total) (eV/Ang**3):
        -0.000001   -0.000000   -0.000000
         0.000000   -0.003559   -0.001286
        -0.000000   -0.001286   -0.001743

siesta: Pressure (total):          2.83200027  kBar

siesta: Temp_ion =     267.930 K

                     ====================================
                        Begin MD step =     47
                     ====================================

outcell: Unit cell vectors (Ang):
       10.000000    0.000000    0.000000
        0.000000   10.000000    0.000000
        0.000000    0.000000   10.000000

outcell: Cell vector modules (Ang)   :   10.000000   10.000000   10.000000
outcell: Cell angles (23,13,12) (deg):     90.0000     90.0000     90.0000
outcell: Cell volume (Ang**3)        :   1000.0000
<dSpData1D:S at geom step 47
  <sparsity:sparsity for geom step 47
    nrows_g=23 nrows=23 sparsity=1.0000 nnzs=529, refcount: 7>
  <dData1D:(new from dSpData1D) n=529, refcount: 1>
refcount: 1>
new_DM -- step:    47
Re-using DM from previous geometries...
Number of DMs in history: 1
 DM extrapolation coefficients: 
1   1.00000
New DM after history re-use:
<dSpData2D:SpM extrapolated using coords
  <sparsity:sparsity for geom step 47
    nrows_g=23 nrows=23 sparsity=1.0000 nnzs=529, refcount: 9>
  <dData2D:(temp array for extrapolation) n=529 m=1, refcount: 1>
refcount: 1>
No. of atoms with KB's overlaping orbs in proc 0. Max # of overlaps:       3      23

InitMesh: MESH = 108 x 108 x 108 = 1259712
InitMesh: Mesh cutoff (required, used) =   300.000   322.366 Ry
New grid distribution [1]: sub = 2
mkdir: no se puede crear el directorio «MD_steps»: El archivo ya existe
mkdir: no se puede crear el directorio «MD_steps/basis»: El archivo ya existe

        iscf     Eharris(eV)        E_KS(eV)     FreeEng(eV)     dDmax    Ef(eV) dHmax(eV)
   scf:    1     -465.969875     -465.977059     -465.977059  0.028051 -5.157939  0.230977
   scf:    2     -465.976209     -465.978372     -465.978372  0.006313 -5.121064  0.153184
   scf:    3     -465.980665     -465.979857     -465.979857  0.002768 -5.141050  0.009139
   scf:    4     -465.979867     -465.979862     -465.979862  0.000101 -5.142272  0.004958
   scf:    5     -465.979866     -465.979865     -465.979865  0.000083 -5.142907  0.002510
   scf:    6     -465.979863     -465.979863     -465.979863  0.000032 -5.142856  0.001516
   scf:    7     -465.979863     -465.979863     -465.979863  0.000030 -5.142755  0.000456

SCF Convergence by DM+H criterion
max |DM_out - DM_in|         :     0.0000300891
max |H_out - H_in|      (eV) :     0.0004555832
SCF cycle converged after 7 iterations

Using DM_out to compute the final energy and forces
No. of atoms with KB's overlaping orbs in proc 0. Max # of overlaps:       3      23

siesta: E_KS(eV) =             -465.9799
mkdir: no se puede crear el directorio «MD_steps/46»: El archivo ya existe

siesta: Atomic forces (eV/Ang):
----------------------------------------
   Tot    0.000000    0.002256   -0.001772
----------------------------------------
   Max    2.883526
   Res    1.624422    sqrt( Sum f_i^2 / 3N )
----------------------------------------
   Max    2.883526    constrained

Stress tensor Voigt[x,y,z,yz,xz,xy] (kbar):       -0.00       -5.73       -2.58        0.74        0.00        0.00
(Free)E + p*V (eV/cell)     -464.2515
Target enthalpy (eV/cell)     -465.9799

siesta: Stress tensor (static) (eV/Ang**3):
        -0.000001    0.000000    0.000000
         0.000000   -0.003496    0.000400
         0.000000    0.000401   -0.001549

siesta: Pressure (static):          2.69509122  kBar

siesta: Stress tensor (total) (eV/Ang**3):
        -0.000001    0.000000    0.000000
         0.000000   -0.003576    0.000465
         0.000000    0.000465   -0.001608

siesta: Pressure (total):          2.76907477  kBar

siesta: Temp_ion =     347.131 K

                     ====================================
                        Begin MD step =     48
                     ====================================

outcell: Unit cell vectors (Ang):
       10.000000    0.000000    0.000000
        0.000000   10.000000    0.000000
        0.000000    0.000000   10.000000

outcell: Cell vector modules (Ang)   :   10.000000   10.000000   10.000000
outcell: Cell angles (23,13,12) (deg):     90.0000     90.0000     90.0000
outcell: Cell volume (Ang**3)        :   1000.0000
<dSpData1D:S at geom step 48
  <sparsity:sparsity for geom step 48
    nrows_g=23 nrows=23 sparsity=1.0000 nnzs=529, refcount: 7>
  <dData1D:(new from dSpData1D) n=529, refcount: 1>
refcount: 1>
new_DM -- step:    48
Re-using DM from previous geometries...
Number of DMs in history: 1
 DM extrapolation coefficients: 
1   1.00000
New DM after history re-use:
<dSpData2D:SpM extrapolated using coords
  <sparsity:sparsity for geom step 48
    nrows_g=23 nrows=23 sparsity=1.0000 nnzs=529, refcount: 9>
  <dData2D:(temp array for extrapolation) n=529 m=1, refcount: 1>
refcount: 1>
Note: For starting DM, Qtot, Tr[D*S] =          8.00000000          7.97035136
No. of atoms with KB's overlaping orbs in proc 0. Max # of overlaps:       3      23

InitMesh: MESH = 108 x 108 x 108 = 1259712
InitMesh: Mesh cutoff (required, used) =   300.000   322.366 Ry
New grid distribution [1]: sub = 2
mkdir: no se puede crear el directorio «MD_steps»: El archivo ya existe
mkdir: no se puede crear el directorio «MD_steps/basis»: El archivo ya existe

        iscf     Eharris(eV)        E_KS(eV)     FreeEng(eV)     dDmax    Ef(eV) dHmax(eV)
   scf:    1     -466.278443     -466.026203     -466.026203  0.048115 -4.847703  0.435276
   scf:    2     -465.988512     -466.018522     -466.018522  0.024499 -5.118859  0.760295
   scf:    3     -466.037237     -466.032213     -466.032213  0.015406 -4.946952  0.041818
   scf:    4     -466.032349     -466.032285     -466.032285  0.000279 -4.946852  0.023570
   scf:    5     -466.032344     -466.032320     -466.032320  0.000470 -4.948056  0.007424
   scf:    6     -466.032321     -466.032321     -466.032321  0.000119 -4.948934  0.005322
   scf:    7     -466.032322     -466.032321     -466.032321  0.000212 -4.950537  0.000994
   scf:    8     -466.032321     -466.032321     -466.032321  0.000015 -4.950678  0.000533

SCF Convergence by DM+H criterion
max |DM_out - DM_in|         :     0.0000152249
max |H_out - H_in|      (eV) :     0.0005334582
SCF cycle converged after 8 iterations

Using DM_out to compute the final energy and forces
No. of atoms with KB's overlaping orbs in proc 0. Max # of overlaps:       3      23

siesta: E_KS(eV) =             -466.0323
mkdir: no se puede crear el directorio «MD_steps/47»: El archivo ya existe

siesta: Atomic forces (eV/Ang):
----------------------------------------
   Tot    0.000000    0.000624   -0.001901
----------------------------------------
   Max    2.864773
   Res    1.475982    sqrt( Sum f_i^2 / 3N )
----------------------------------------
   Max    2.864773    constrained

Stress tensor Voigt[x,y,z,yz,xz,xy] (kbar):       -0.00       -3.13       -0.98        2.50        0.00       -0.00
(Free)E + p*V (eV/cell)     -465.1762
Target enthalpy (eV/cell)     -466.0323

siesta: Stress tensor (static) (eV/Ang**3):
        -0.000001    0.000000    0.000000
        -0.000000   -0.001834    0.001618
         0.000000    0.001618   -0.000554

siesta: Pressure (static):          1.27586886  kBar

siesta: Stress tensor (total) (eV/Ang**3):
        -0.000001   -0.000000    0.000000
        -0.000000   -0.001956    0.001560
         0.000000    0.001560   -0.000611

siesta: Pressure (total):          1.37172221  kBar

siesta: Temp_ion =     538.210 K

                     ====================================
                        Begin MD step =     49
                     ====================================

outcell: Unit cell vectors (Ang):
       10.000000    0.000000    0.000000
        0.000000   10.000000    0.000000
        0.000000    0.000000   10.000000

outcell: Cell vector modules (Ang)   :   10.000000   10.000000   10.000000
outcell: Cell angles (23,13,12) (deg):     90.0000     90.0000     90.0000
outcell: Cell volume (Ang**3)        :   1000.0000
<dSpData1D:S at geom step 49
  <sparsity:sparsity for geom step 49
    nrows_g=23 nrows=23 sparsity=1.0000 nnzs=529, refcount: 7>
  <dData1D:(new from dSpData1D) n=529, refcount: 1>
refcount: 1>
new_DM -- step:    49
Re-using DM from previous geometries...
Number of DMs in history: 1
 DM extrapolation coefficients: 
1   1.00000
New DM after history re-use:
<dSpData2D:SpM extrapolated using coords
  <sparsity:sparsity for geom step 49
    nrows_g=23 nrows=23 sparsity=1.0000 nnzs=529, refcount: 9>
  <dData2D:(temp array for extrapolation) n=529 m=1, refcount: 1>
refcount: 1>
Note: For starting DM, Qtot, Tr[D*S] =          8.00000000          7.95307054
No. of atoms with KB's overlaping orbs in proc 0. Max # of overlaps:       3      23

InitMesh: MESH = 108 x 108 x 108 = 1259712
InitMesh: Mesh cutoff (required, used) =   300.000   322.366 Ry
New grid distribution [1]: sub = 2
mkdir: no se puede crear el directorio «MD_steps»: El archivo ya existe
mkdir: no se puede crear el directorio «MD_steps/basis»: El archivo ya existe

        iscf     Eharris(eV)        E_KS(eV)     FreeEng(eV)     dDmax    Ef(eV) dHmax(eV)
   scf:    1     -466.400627     -466.033766     -466.033766  0.075053 -4.542449  0.689347
   scf:    2     -465.928762     -466.008442     -466.008442  0.042770 -4.965413  1.269629
   scf:    3     -466.056372     -466.043950     -466.043950  0.027808 -4.689178  0.024594
   scf:    4     -466.044023     -466.043988     -466.043988  0.000624 -4.689757  0.018029
   scf:    5     -466.044034     -466.044014     -466.044014  0.001157 -4.692671  0.007602
   scf:    6     -466.044016     -466.044015     -466.044015  0.000244 -4.694237  0.004605
   scf:    7     -466.044015     -466.044015     -466.044015  0.000229 -4.696030  0.001477
   scf:    8     -466.044015     -466.044015     -466.044015  0.000023 -4.696316  0.000927

SCF Convergence by DM+H criterion
max |DM_out - DM_in|         :     0.0000229856
max |H_out - H_in|      (eV) :     0.0009274193
SCF cycle converged after 8 iterations

Using DM_out to compute the final energy and forces
No. of atoms with KB's overlaping orbs in proc 0. Max # of overlaps:       3      23

siesta: E_KS(eV) =             -466.0440
mkdir: no se puede crear el directorio «MD_steps/48»: El archivo ya existe

siesta: Atomic forces (eV/Ang):
----------------------------------------
   Tot    0.000000    0.000252   -0.003288
----------------------------------------
   Max    2.538921
   Res    1.213729    sqrt( Sum f_i^2 / 3N )
----------------------------------------
   Max    2.538921    constrained

Stress tensor Voigt[x,y,z,yz,xz,xy] (kbar):       -0.00        0.63        0.98        2.43        0.00        0.00
(Free)E + p*V (eV/cell)     -466.3781
Target enthalpy (eV/cell)     -466.0440

siesta: Stress tensor (static) (eV/Ang**3):
        -0.000001    0.000000    0.000000
         0.000000    0.000620    0.001609
         0.000000    0.001609    0.000661

siesta: Pressure (static):         -0.68383886  kBar

siesta: Stress tensor (total) (eV/Ang**3):
        -0.000001    0.000000    0.000000
         0.000000    0.000394    0.001518
         0.000000    0.001518    0.000610

siesta: Pressure (total):         -0.53522309  kBar

siesta: Temp_ion =     575.954 K

                     ====================================
                        Begin MD step =     50
                     ====================================

outcell: Unit cell vectors (Ang):
       10.000000    0.000000    0.000000
        0.000000   10.000000    0.000000
        0.000000    0.000000   10.000000

outcell: Cell vector modules (Ang)   :   10.000000   10.000000   10.000000
outcell: Cell angles (23,13,12) (deg):     90.0000     90.0000     90.0000
outcell: Cell volume (Ang**3)        :   1000.0000
<dSpData1D:S at geom step 50
  <sparsity:sparsity for geom step 50
    nrows_g=23 nrows=23 sparsity=1.0000 nnzs=529, refcount: 7>
  <dData1D:(new from dSpData1D) n=529, refcount: 1>
refcount: 1>
new_DM -- step:    50
Re-using DM from previous geometries...
Number of DMs in history: 1
 DM extrapolation coefficients: 
1   1.00000
New DM after history re-use:
<dSpData2D:SpM extrapolated using coords
  <sparsity:sparsity for geom step 50
    nrows_g=23 nrows=23 sparsity=1.0000 nnzs=529, refcount: 9>
  <dData2D:(temp array for extrapolation) n=529 m=1, refcount: 1>
refcount: 1>
Note: For starting DM, Qtot, Tr[D*S] =          8.00000000          7.95898146
No. of atoms with KB's overlaping orbs in proc 0. Max # of overlaps:       3      23

InitMesh: MESH = 108 x 108 x 108 = 1259712
InitMesh: Mesh cutoff (required, used) =   300.000   322.366 Ry
New grid distribution [1]: sub = 2
mkdir: no se puede crear el directorio «MD_steps»: El archivo ya existe
mkdir: no se puede crear el directorio «MD_steps/basis»: El archivo ya existe

        iscf     Eharris(eV)        E_KS(eV)     FreeEng(eV)     dDmax    Ef(eV) dHmax(eV)
   scf:    1     -466.279640     -465.976973     -465.976973  0.064306 -4.369701  0.597849
   scf:    2     -465.889961     -465.955689     -465.955689  0.039625 -4.728441  1.148142
   scf:    3     -465.994963     -465.985021     -465.985021  0.026177 -4.489727  0.025453
   scf:    4     -465.985106     -465.985066     -465.985066  0.000628 -4.489678  0.016944
   scf:    5     -465.985112     -465.985092     -465.985092  0.001053 -4.491258  0.007982
   scf:    6     -465.985094     -465.985093     -465.985093  0.000203 -4.492432  0.005445
   scf:    7     -465.985094     -465.985094     -465.985094  0.000271 -4.494249  0.001124
   scf:    8     -465.985094     -465.985094     -465.985094  0.000022 -4.494511  0.000717

SCF Convergence by DM+H criterion
max |DM_out - DM_in|         :     0.0000221774
max |H_out - H_in|      (eV) :     0.0007168867
SCF cycle converged after 8 iterations

Using DM_out to compute the final energy and forces
No. of atoms with KB's overlaping orbs in proc 0. Max # of overlaps:       3      23

siesta: E_KS(eV) =             -465.9851
mkdir: no se puede crear el directorio «MD_steps/49»: El archivo ya existe

siesta: Atomic forces (eV/Ang):
----------------------------------------
   Tot    0.000000    0.001752   -0.003551
----------------------------------------
   Max    2.280995
   Res    1.340623    sqrt( Sum f_i^2 / 3N )
----------------------------------------
   Max    2.280995    constrained

Stress tensor Voigt[x,y,z,yz,xz,xy] (kbar):       -0.00        3.79        2.32        1.58       -0.00        0.00
(Free)E + p*V (eV/cell)     -467.2562
Target enthalpy (eV/cell)     -465.9851

siesta: Stress tensor (static) (eV/Ang**3):
        -0.000001   -0.000000   -0.000000
         0.000000    0.002631    0.000973
        -0.000000    0.000973    0.001481

siesta: Pressure (static):         -2.19556385  kBar

siesta: Stress tensor (total) (eV/Ang**3):
        -0.000001   -0.000000   -0.000000
         0.000000    0.002368    0.000984
        -0.000000    0.000984    0.001447

siesta: Pressure (total):         -2.03652567  kBar

siesta: Temp_ion =     373.593 K

outcoor: Final (unrelaxed) atomic coordinates (Ang):        
    5.00000000    5.00538882    0.12151197   1       1  O
    5.00000000    5.82081367   -0.46554590   2       2  H
    5.00000000    4.19355691   -0.55190912   2       3  H

siesta: Program's energy decomposition (eV):
siesta: Ebs     =      -102.470440
siesta: Eions   =       810.513381
siesta: Ena     =       173.774171
siesta: Ekin    =       344.918640
siesta: Enl     =       -60.893212
siesta: Eso     =         0.000000
siesta: Edftu   =         0.000000
siesta: DEna    =        -2.887599
siesta: DUscf   =         0.817263
siesta: DUext   =         0.000000
siesta: Ex      =       -98.694617
siesta: Ec      =       -12.506357
siesta: Exc     =      -111.200975
siesta: EbV     =         0.000000
siesta: eta*DQ  =         0.000000
siesta: Emadel  =         0.000000
siesta: Emeta   =         0.000000
siesta: Emolmec =         0.000000
siesta: Ekinion =         0.096581
siesta: Eharris =      -465.888513
siesta: Etot    =      -465.888513
siesta: FreeEng =      -465.888513

siesta: Final energy (eV):
siesta:  Band Struct. =    -102.470440
siesta:       Kinetic =     344.918640
siesta:       Hartree =     445.580383
siesta:         Edftu =       0.000000
siesta:       Eso     =       0.000000
siesta:    Ext. field =       0.000000
siesta:         Exch. =     -98.694617
siesta:         Corr. =     -12.506357
siesta:     Bulk bias =       0.000000
siesta:   Exch.-corr. =    -111.200975
siesta:  Ion-electron =   -1192.865838
siesta:       Ion-ion =      47.582696
siesta:       Ekinion =       0.096581
siesta: D3 dispersion =       0.000000
siesta:         Total =    -465.888513
siesta:         Fermi =      -4.494511

siesta: Atomic forces (eV/Ang):
siesta:      1    0.000000   -1.321719   -2.250305
siesta:      2    0.000000   -0.957523    0.523015
siesta:      3   -0.000000    2.280995    1.723740
siesta: ----------------------------------------
siesta:    Tot    0.000000    0.001752   -0.003551

siesta: Stress tensor (static) (eV/Ang**3):
siesta:    -0.000001   -0.000000   -0.000000
siesta:     0.000000    0.002631    0.000973
siesta:    -0.000000    0.000973    0.001481

siesta: Cell volume =       1000.000000 Ang**3

siesta: Pressure (static):
siesta:                Solid            Molecule  Units
siesta:          -0.00001493         -0.00000003  Ry/Bohr**3
siesta:          -0.00137036         -0.00000306  eV/Ang**3
siesta:          -2.19556385         -0.00490303  kBar

Basis Enthalpy Calculation:
    Basis Pressure for species 1(O) :      0.2000000 GPa
    Basis Pressure for species 2(H) :      0.2000000 GPa

    Orbital volume contribution        =           0.712637 eV
    (Free)E + p_basis*V_orbitals       =        -465.272457 eV
    (Free)Eharris+ p_basis*V_orbitals  =        -465.272457 eV
WARNING: BASIS_ENTHALPY and BASIS_HARRIS_ENTHALPY files are deprecated. They will be removed in future releases.
Please use system_label.BASIS_ENTHALPY in your scripts instead.

siesta: Electric dipole (a.u.)  =   -0.000000    0.001648   -0.593906
siesta: Electric dipole (Debye) =   -0.000000    0.004188   -1.509559

cite: Please indicate the Siesta version in published work: 5.4.2-9-g7ed306e3d
cite: This calculation has made use of features in the following articles
cite: which we encourage you to cite in published work.
cite: (Please see "siesta.bib" for a BibTeX file.)
        Primary SIESTA paper
          DOI: www.doi.org/10.1088/0953-8984/14/11/302


timer: Elapsed wall time (sec) =      86.299
timer: CPU execution times (sec):

Routine            Calls   Time/call    Tot.time        %
siesta                 1      85.269      85.269   100.00
Setup                  1       0.065       0.065     0.08
bands                  1       0.000       0.000     0.00
KSV_init               1       0.000       0.000     0.00
LUA                  544       0.000       0.034     0.04
LUA-init               1       0.000       0.000     0.00
LUA-call             543       0.000       0.033     0.04
IterGeom              50       1.704      85.199    99.92
geom_init             50       0.319      15.929    18.68
state_init            50       0.006       0.319     0.37
hsparse               50       0.000       0.001     0.00
overlap               50       0.000       0.004     0.00
Setup_H0              50       0.164       8.206     9.62
naefs                100       0.000       0.001     0.00
dnaefs                50       0.000       0.000     0.00
two-body              50       0.000       0.000     0.00
MolMec               100       0.000       0.000     0.00
kinefsm              100       0.000       0.008     0.01
nlefsm               100       0.000       0.028     0.03
DHSCF_Init            50       0.164       8.190     9.60
DHSCF1                50       0.011       0.557     0.65
InitMesh              50       0.011       0.557     0.65
INITMESH              50       0.000       0.000     0.00
DHSCF2                50       0.153       7.632     8.95
REMESH                50       0.003       0.141     0.17
REORD               1380       0.001       1.713     2.01
PHION                 50       0.042       2.108     2.47
COMM_BSC            2110       0.001       2.042     2.40
POISON               540       0.092      49.910    58.53
fft                 1080       0.037      39.966    46.87
setup_H              440       0.148      65.277    76.55
DHSCF                490       0.155      75.909    89.02
DHSCF3               490       0.147      72.123    84.58
rhoofd               490       0.009       4.603     5.40
XC                   490       0.020       9.579    11.23
GXC-CellXC           490       0.012       5.970     7.00
gridxc@cellXC        490       0.012       5.967     7.00
vmat                 490       0.007       3.542     4.15
IterSCF              390       0.149      57.964    67.98
compute_dm           390       0.000       0.032     0.04
diagon               390       0.000       0.031     0.04
r-eigvec             390       0.000       0.024     0.03
r-buildHS            390       0.000       0.001     0.00
rdiag                390       0.000       0.023     0.03
rdiag1               390       0.000       0.003     0.00
rdiag2               390       0.000       0.002     0.00
rdiag3               390       0.000       0.013     0.02
rdiag4               390       0.000       0.002     0.00
r-buildD             390       0.000       0.003     0.00
MIXER                340       0.000       0.003     0.00
PostSCF               50       0.225      11.264    13.21
FINAL_HF              50       0.225      11.263    13.21
DHSCF4                50       0.076       3.786     4.44
dfscf                 50       0.058       2.922     3.43
overfsm               50       0.000       0.004     0.00
writeHSX              50       0.000       0.004     0.00
state_analysis        50       0.000       0.020     0.02
siesta_move           50       0.000       0.006     0.01
Analysis               1       0.000       0.000     0.00
optical                1       0.000       0.000     0.00
  

>> End of run:  23-APR-2026  13:19:43
Job completed
Job completed
